moca_id,moca_xp,wallet
897,16,0xaee8212c786c724d5682735d906a7b1e459fef3f
993,32,0x327c86581e15d6a72207e655216938ef10c78999
995,32,0xd1e03e39b374de47c485f16ad6b9b5474c0ee013
996,32,0xfa6b6986dac281789e6a990eaecd4c5e78b916be
1002,32,0x92373997819b0e4529be7988eea4bedd4d276f74
1007,32,0x255a61b9c585f2ced567e2161eb0b764fcc3b81d
1013,32,0x6d5fa9871863c2b080889bcc21e076862685b9a8
1014,32,0x6d5fa9871863c2b080889bcc21e076862685b9a8
1018,16,0x6313d7948d3491096ffe00dea2d246d588b4d4fc
1020,32,0x898b624d296f0af1bcb2853065b1ac151ebc1ccc
1026,16,0xf22191f4b25fe5548acffc551bb87485b88a58f2
1029,32,0xab2dd970e9a4647d4f86e98f902dbdf58c459e66
1030,32,0xab2dd970e9a4647d4f86e98f902dbdf58c459e66
1031,32,0xab2dd970e9a4647d4f86e98f902dbdf58c459e66
1043,16,0x6e61851aa4312e1bea08e63ef6037c55758fb34c
1046,32,0xdbd3e0ec8aee886c17e5f4ae61b59089b389d0f6
1049,32,0x6a48c3acbc91fb19931dfc1e4ab0753a1d17d0b5
1050,32,0x6a48c3acbc91fb19931dfc1e4ab0753a1d17d0b5
1065,16,0x0a72b56ce331cf97b9c693a08dce49a9566753b1
1066,32,0xd1e03e39b374de47c485f16ad6b9b5474c0ee013
1072,32,0xe00387872306e8dcc82572a7759a17bf11a1cf7c
1085,32,0x88d8d8c2e9a29177a4a8d6755b3870e6720ee6a6
1087,16,0x1fd252771bc2dfd38ec774efeeb3c6ab7e8e535b
1088,32,0x7201ad662c2f3808fc364ee62b9b31a6d8053ed4
1095,16,0xde55b785eaed82e191edc1984ddd7ac3705cb560
1096,16,0x8b9761f67b3c5d4de2d845160c3e2ab13e8ab720
1097,32,0x45c9235209a06bf8c8596c00b2934cf5aade091e
1098,32,0x45c9235209a06bf8c8596c00b2934cf5aade091e
1109,32,0x07427c476501e03b1802541625cefd1df24484d2
1113,32,0xb2e7f7044a94dd0f9dca56f2e402355d0a0d60e4
1115,32,0x5744a7a69d367eb6942548923696990e605cad9c
1121,32,0x898b624d296f0af1bcb2853065b1ac151ebc1ccc
1123,16,0xdaaf3c8f3d6accdef64b814e4267d861cf546391
1124,32,0xdac4c0c7c0fe9890b08ac59bddb3bb96ec098992
1126,32,0x4dd0e6b056035b9706347eb350238102e51a6394
1127,32,0x913e99adeeebaf300e9c8852eb98d7d21ddb637e
1134,32,0x177821cbe97b3eb0a20de1fd534bc7160cbcd76e
1139,32,0xda1e9c631ace798036d2650f0283e63bc546f213
1146,16,0x62f2b8e5019d0be560c6e91e451fe3fb9df489ae
1149,32,0xbe949adac94b2a046b3e86a0c14ca69591c5621a
1150,32,0xbe949adac94b2a046b3e86a0c14ca69591c5621a
1153,32,0x21cb5ba7e40eb0d547cfe5a6e1524d10a77dd11e
1154,32,0x21cb5ba7e40eb0d547cfe5a6e1524d10a77dd11e
1157,32,0x5e71dce31312ecf6110e552c8d8a5fe34cd6c8dd
1164,32,0xa886bc501a3b6ce40c26c6a87422109763e7dbc8
1165,32,0xd76aa530b8c1f0039971eca13ca1850047271af0
1166,32,0xd76aa530b8c1f0039971eca13ca1850047271af0
1177,32,0x898b624d296f0af1bcb2853065b1ac151ebc1ccc
1178,32,0x898b624d296f0af1bcb2853065b1ac151ebc1ccc
1187,16,0x28bf7de4c3b52975d36a55c1f7ccb6af131efa83
1188,32,0x26968956870fef85086f06b7d221314581153215
1197,32,0xca8edf32dd9fcb9cdb3346accb24ebc03686fcfb
1198,32,0x89d5ac566d4d0bf14dad8b0531dd4b3de47f9424
1204,32,0x07427c476501e03b1802541625cefd1df24484d2
1207,32,0x2eb506d25cd53a205cdc0c94d4a6aa71624f3a89
1210,32,0x6d9279450dfae8ee04675442353e4bbeb56065e4
1217,32,0xbc5e44596816cbe3d45318a3a124f8328c417cde
1218,32,0xbc5e44596816cbe3d45318a3a124f8328c417cde
1225,32,0x5d6f3d0c92d0564151357b0863e55e9ed4631b8d
1226,32,0x5d6f3d0c92d0564151357b0863e55e9ed4631b8d
1230,16,0x36cdffb3165f39714455118262f5ff3ed1d4c7e1
1233,16,0x3e57efef507b4db7acfa2ee79ceca6b19e18d106
1240,16,0x4dd0e6b056035b9706347eb350238102e51a6394
1251,16,0x9fed225115a1374c7f0faef307d471c80fff1893
1252,32,0xd1e03e39b374de47c485f16ad6b9b5474c0ee013
1254,16,0x07427c476501e03b1802541625cefd1df24484d2
1258,16,0xae5252b7d6603af2fa284e565a11e3175ef84a9c
1263,16,0xdf087c9fe7f42e45b66fa22be028ad50e4c90234
1270,16,0xe77e6594706a08177f4212217d46a13561bf5dcd
1273,32,0xb7162dd79c1f0802d1b4826ac06dad4359bc3aa2
1290,32,0x49a54b1030dd15fe2abf9573580febbc01e9ed4e
1293,32,0xb98bf34814687f7f8fc344bbe0ada1b550434b50
1294,32,0xb98bf34814687f7f8fc344bbe0ada1b550434b50
1300,32,0x5307da2782c2641180abd2b92b647c4245ea65c7
1307,32,0xab0dee2006c7d84330b95cfa7c38da4307dfd74e
1315,32,0xd1e03e39b374de47c485f16ad6b9b5474c0ee013
1316,32,0xd1e03e39b374de47c485f16ad6b9b5474c0ee013
1318,16,0xffc9a5ecf39dba2bf0b8b2c4d843bfd70b1a6082
1320,32,0x898b624d296f0af1bcb2853065b1ac151ebc1ccc
1329,32,0x898b624d296f0af1bcb2853065b1ac151ebc1ccc
1355,16,0x9bc6a425d0d5fea6005400052ee679b30b1e2dee
1356,16,0x9bc6a425d0d5fea6005400052ee679b30b1e2dee
1357,16,0x1045a365e491cae755241eef520b2498dda336e1
1362,32,0x1584df90cb8ffda66d0d3b6b64ef7bfbdca191b8
1382,32,0x57bc43ffb972f3c6d687240a856a261ca133e4e5
1383,32,0x57bc43ffb972f3c6d687240a856a261ca133e4e5
1389,32,0x3a43525a3873d7fb415cff57613d22ed5ccfa368
1394,32,0x15fd28fd3a646702455d6ec6c5af7075550c095d
1404,32,0x07d5f53b68e772e98b732beb5116b4fd38261cbb
1408,16,0x49a54b1030dd15fe2abf9573580febbc01e9ed4e
1412,32,0x5e71dce31312ecf6110e552c8d8a5fe34cd6c8dd
1430,32,0xd1e03e39b374de47c485f16ad6b9b5474c0ee013
1431,32,0xdac4c0c7c0fe9890b08ac59bddb3bb96ec098992
1442,32,0x5c5d19faa967ba5d3a0fc919af27a462122ff8a1
1455,32,0xab0dee2006c7d84330b95cfa7c38da4307dfd74e
1463,32,0xebca4a15dfd8cb67da2823a322c8cf2ac86107a3
1466,16,0xcc2c8d8f1866fc01e2d04cf69d5aa4bb15d3a7cf
1467,16,0x0babfcc1462e320a109577e5376a496beeaac5ab
1476,32,0x45c9235209a06bf8c8596c00b2934cf5aade091e
1477,32,0xfccdcdb6ae0e5820b21c98d323c1340fcce63cae
1482,32,0x5e71dce31312ecf6110e552c8d8a5fe34cd6c8dd
1484,16,0xb5617faeecdde6041740d9618e3e7d184ab8b8a0
1485,16,0xb5617faeecdde6041740d9618e3e7d184ab8b8a0
1493,32,0x0e400b23cbb2e24ce5d6981ff0ac3f07a22978ca
1497,32,0x6cc4ead03b6fda979fa33b40546ba5d09c35396a
1509,16,0x92373997819b0e4529be7988eea4bedd4d276f74
1511,32,0xfccdcdb6ae0e5820b21c98d323c1340fcce63cae
1512,32,0x1e755aad3074fd54fcf44738826b1277b8b1c766
1513,16,0x1e755aad3074fd54fcf44738826b1277b8b1c766
1514,16,0xab0a2fc0747c9a7f12f968739da737dab4bdfbe7
1515,32,0x58f96c1d46db3a967c7dd33f1a3f0b601745d05b
1519,32,0xc9e489dc86bf2d5eef11bce89846e67039275bd9
1522,32,0x11c61bcd43d61b62719c7971b227fbb8cf6f3b71
1542,32,0xd8453f4940b3c9d9ee376a0db42b13efe63bd54c
1543,32,0xab0dee2006c7d84330b95cfa7c38da4307dfd74e
1545,32,0x5d5e9ec82091626f48d8abe621b59aee81ac1a42
1546,32,0x5d5e9ec82091626f48d8abe621b59aee81ac1a42
1550,32,0x6205c7c6114f90ec08054c00db958a90ab622c61
1551,16,0x8de4921b0729621496a41df811f2f0c402bb7750
1553,16,0x0a72b56ce331cf97b9c693a08dce49a9566753b1
1561,16,0x11610d0bf661d3ccbb9493cf23184f68ecfe4783
1563,32,0x311fdb1d597c0699a9f6b6b35235b5938fd07928
1573,32,0xb2e7f7044a94dd0f9dca56f2e402355d0a0d60e4
1574,32,0x898b624d296f0af1bcb2853065b1ac151ebc1ccc
1578,16,0x0a72b56ce331cf97b9c693a08dce49a9566753b1
1597,32,0xb150b53a0a444eb153d1823c67d22795a3735dda
1600,16,0xdf087c9fe7f42e45b66fa22be028ad50e4c90234
1602,32,0xc912883f4457be8eae99bb0e228f7846108861b6
1611,32,0x2a1f28f16a496222547d382590477d652ebd647f
1612,16,0x2a1f28f16a496222547d382590477d652ebd647f
1627,32,0x49a456fe253d8a423b3d22a428085d9096f3fe61
1637,32,0x06acc6dead0deb7e06985bbdd7f1347346a006be
1638,32,0x06acc6dead0deb7e06985bbdd7f1347346a006be
1639,32,0x45c9235209a06bf8c8596c00b2934cf5aade091e
1640,16,0x7b2758ef11d152becab8c9aa3f0f7a43c1075ab9
1643,32,0x05d93ec016c4ae7a653fe79e6da7746073afb94f
1645,32,0xc146f11ecc7cd059218fdfe7ebc440c59addba9c
1646,32,0xc146f11ecc7cd059218fdfe7ebc440c59addba9c
1657,16,0x3fcfbbdbaf2d42c3e36bb7eb621e9675abd4149b
1659,32,0x3082c1e9bc764b7fab74415e70e595faceddd16f
1660,32,0x3082c1e9bc764b7fab74415e70e595faceddd16f
1663,32,0x3cac7e12dc3bae6ebe2909c82addb04da4cc340b
1664,32,0x4daf440bb1ec17628dad45ed45b726759a99271a
1665,16,0x4dd0e6b056035b9706347eb350238102e51a6394
1675,16,0x12d47a4931a8e6f6e242b023b23f993570885605
1676,16,0x12d47a4931a8e6f6e242b023b23f993570885605
1677,32,0xdf087c9fe7f42e45b66fa22be028ad50e4c90234
1696,32,0x33dbfb764377593b93bdd860dbc72f7c01f50331
1697,32,0x33dbfb764377593b93bdd860dbc72f7c01f50331
1700,32,0x255a61b9c585f2ced567e2161eb0b764fcc3b81d
1701,32,0x255a61b9c585f2ced567e2161eb0b764fcc3b81d
1708,16,0x45c9235209a06bf8c8596c00b2934cf5aade091e
1709,32,0xdbd3e0ec8aee886c17e5f4ae61b59089b389d0f6
1714,32,0x13b7f9af9dce8aa7cd978d766ab9758474221e8a
1715,32,0x13b7f9af9dce8aa7cd978d766ab9758474221e8a
1728,32,0x947a518695f63096650e7bfd421fd9be8b38be3a
1729,32,0xdf087c9fe7f42e45b66fa22be028ad50e4c90234
1749,16,0x93ff0e8284fb75d3a9143feb3e2b93d3b03311c7
1750,32,0x5597c8da6c72c6c70425cc15513bf208e099ef30
1762,32,0xad990b2d8f63cef4de48d9b685c3a712b621be3e
1768,16,0xa1411ae14699906ebd60a6a78c481dca5b844731
1769,16,0xa1411ae14699906ebd60a6a78c481dca5b844731
1770,32,0x5e71dce31312ecf6110e552c8d8a5fe34cd6c8dd
1775,32,0xab0a2fc0747c9a7f12f968739da737dab4bdfbe7
1779,32,0x898b624d296f0af1bcb2853065b1ac151ebc1ccc
1780,16,0xdddaf43d858823450a212a4a3c6d16136652951c
1781,32,0xc70fe10cdf99151ffe9b2e24ee1da97fb780714b
1783,32,0x18f6de4643248aa65a090c1d3546ec7a9eb5cdc6
1784,32,0x34f3133a2207262f2a15ba6b9a0687ced5714188
1785,32,0x34f3133a2207262f2a15ba6b9a0687ced5714188
1796,32,0xcff93b6d1401f60f99a218e628449bed7799ccf8
1798,32,0xab7566331ef969e735357a75690c27dcb3494fd7
1804,32,0x6e61851aa4312e1bea08e63ef6037c55758fb34c
1808,32,0xdbd3e0ec8aee886c17e5f4ae61b59089b389d0f6
1818,32,0xde1f20ac365fa7e562903cf6d63493be534dacfc
1819,32,0xde1f20ac365fa7e562903cf6d63493be534dacfc
1823,32,0xfccdcdb6ae0e5820b21c98d323c1340fcce63cae
1827,32,0xb44388e29abc09e79aab58e990a3d2b873677384
1830,32,0x646752ea6bb225e688fd69b9e7b2fc05e34f34c6
1834,16,0x31031eeaaedd39ed8b06deca903cc7102678df80
1836,32,0x0a72b56ce331cf97b9c693a08dce49a9566753b1
1846,32,0xc146f11ecc7cd059218fdfe7ebc440c59addba9c
1847,32,0xc146f11ecc7cd059218fdfe7ebc440c59addba9c
1856,32,0x69486873ea8e52151a464f4a5a92c8609171a954
1857,32,0x69486873ea8e52151a464f4a5a92c8609171a954
1864,32,0xdac4c0c7c0fe9890b08ac59bddb3bb96ec098992
1865,32,0xdac4c0c7c0fe9890b08ac59bddb3bb96ec098992
1866,32,0x03351328843940bb13b014d3acf3debf9fa75525
1889,32,0xa28ef9ab58ae6d14c23f8855852346c9510e49a3
1890,32,0xc2ba2b009a9a8f12fdabed184412120fb072d620
1893,32,0x898b624d296f0af1bcb2853065b1ac151ebc1ccc
1902,16,0x5e7ce8ca069e181188d923d336c0bfa3b85f8666
1916,16,0x0a72b56ce331cf97b9c693a08dce49a9566753b1
1924,32,0xb87186765f4951dce0342fabda15b8966513a464
1931,32,0xfa6e906dd9084d50be4b0e6ac13ef5b7186362e2
1932,16,0xfa6e906dd9084d50be4b0e6ac13ef5b7186362e2
1933,32,0x5e71dce31312ecf6110e552c8d8a5fe34cd6c8dd
1935,32,0xb2e7f7044a94dd0f9dca56f2e402355d0a0d60e4
1942,32,0x7201ad662c2f3808fc364ee62b9b31a6d8053ed4
1943,32,0x1049104a3393782c3d0A2acE8f4CBb811b88b2BB
1945,32,0x18f6de4643248aa65a090c1d3546ec7a9eb5cdc6
1946,32,0x947a518695f63096650e7bfd421fd9be8b38be3a
1947,32,0xf76dc60aac63c234d32583a85c96af27d4f987b9
1948,32,0xf76dc60aac63c234d32583a85c96af27d4f987b9
1953,32,0x4c7e8ef1265a9556cdab173877edce0931ca6984
1954,32,0x4c7e8ef1265a9556cdab173877edce0931ca6984
1968,32,0xdac4c0c7c0fe9890b08ac59bddb3bb96ec098992
1969,16,0x700996c10aa31f0ff0589cef450e226e66d3f977
1970,16,0xd3b69fdb8de8f6d0702823480abe778526f02e6a
1972,16,0x0a72b56ce331cf97b9c693a08dce49a9566753b1
1976,32,0xde9991ec0533e2c874cc9298097e9cf5db523f76
1990,32,0x6e0c839df4600dd5087d8a2a54b0798179ee4ed4
1991,32,0x25c53e7da97cddb8f7943fba9f9ff569b84a261a
1992,32,0x319ea9a4fd2a189002765316cdef8360c1f98ea2
1995,32,0x104bb3135b882bfc31116ead55c7a9d74ee3db6f
1999,16,0x3e57efef507b4db7acfa2ee79ceca6b19e18d106
2001,32,0x6e0c839df4600dd5087d8a2a54b0798179ee4ed4
2002,32,0x6e0c839df4600dd5087d8a2a54b0798179ee4ed4
2003,16,0xac02efeb1c547e9d5e246eb3e76f75318080abd0
2007,32,0xdac4c0c7c0fe9890b08ac59bddb3bb96ec098992
2008,32,0xdac4c0c7c0fe9890b08ac59bddb3bb96ec098992
2024,16,0xa5e2bb97de3c62ca06f1a2293eb7e01c114e9a49
2035,16,0x7e222f65ab279507b4124ba450f13f9758212d42
2036,16,0x9076d31f81512e040cc07cfe2031cf251236a741
2043,32,0x7b1f79c6a5bc1482b3b9fe81ad993c3b5e652bb0
2046,16,0x913e99adeeebaf300e9c8852eb98d7d21ddb637e
4622,32,0xdf087c9fe7f42e45b66fa22be028ad50e4c90234
4623,32,0xdf087c9fe7f42e45b66fa22be028ad50e4c90234
4626,32,0xdd8621effa35f86f26fbfb2e202d30e67ffa6480
4630,32,0x89ab095e65810d1cf3582c52159220cee5ba3bb2
4631,32,0x89ab095e65810d1cf3582c52159220cee5ba3bb2
4635,16,0xdbd3e0ec8aee886c17e5f4ae61b59089b389d0f6
4648,16,0x3e57efef507b4db7acfa2ee79ceca6b19e18d106
4654,16,0xab0a2fc0747c9a7f12f968739da737dab4bdfbe7
4660,32,0x70f48c5bf01a7ee39bd468aa5825fb0d0d1d08b7
4666,32,0x36cdffb3165f39714455118262f5ff3ed1d4c7e1
4670,32,0xb2840468c8f64a104d1cf492d0c1d1b898308404
4671,32,0xb2840468c8f64a104d1cf492d0c1d1b898308404
4685,16,0x5597c8da6c72c6c70425cc15513bf208e099ef30
4702,32,0x8340fefd527494022d13e76150dee990d657e35b
4708,32,0x22c01b9438abbf1231201edbda3d8371c77d4800
4709,32,0x22c01b9438abbf1231201edbda3d8371c77d4800
4716,32,0xdf087c9fe7f42e45b66fa22be028ad50e4c90234
4719,32,0x410a20d45edbb4415a5981be8d559676b8100e57
4721,32,0xec1885e733c48350bd763aefbc7d2efc432bdc9c
4722,32,0xec1885e733c48350bd763aefbc7d2efc432bdc9c
4723,32,0xab7dd8c1523ca7087257b16e3ef1d565aaa423e9
4724,32,0xab7dd8c1523ca7087257b16e3ef1d565aaa423e9
4733,16,0x3e57efef507b4db7acfa2ee79ceca6b19e18d106
4735,32,0x898b624d296f0af1bcb2853065b1ac151ebc1ccc
4736,32,0x898b624d296f0af1bcb2853065b1ac151ebc1ccc
4754,32,0xab0dee2006c7d84330b95cfa7c38da4307dfd74e
4755,32,0xdac4c0c7c0fe9890b08ac59bddb3bb96ec098992
4759,32,0x1fd252771bc2dfd38ec774efeeb3c6ab7e8e535b
4760,32,0x1fd252771bc2dfd38ec774efeeb3c6ab7e8e535b
4768,32,0x898b624d296f0af1bcb2853065b1ac151ebc1ccc
4769,32,0xdf087c9fe7f42e45b66fa22be028ad50e4c90234
4770,32,0xdf087c9fe7f42e45b66fa22be028ad50e4c90234
4771,32,0x898b624d296f0af1bcb2853065b1ac151ebc1ccc
4773,16,0x6e0c839df4600dd5087d8a2a54b0798179ee4ed4
4779,32,0x379d20d18dd21e72463f257804d586e6fcfdbf65
4780,32,0x379d20d18dd21e72463f257804d586e6fcfdbf65
4781,32,0xb35239f7a0cefe9c4b37a676c6af4df46734da77
4782,32,0x3b0667ab576a6aceb3add15c98db84f51c20e370
4825,16,0x49a456fe253d8a423b3d22a428085d9096f3fe61
4826,16,0xcc2c8d8f1866fc01e2d04cf69d5aa4bb15d3a7cf
4827,32,0xdf087c9fe7f42e45b66fa22be028ad50e4c90234
4828,32,0xdf087c9fe7f42e45b66fa22be028ad50e4c90234
4835,32,0x478cafc1bf482ba4b4bfff2500cbdf3a9423ea61
4845,32,0x92373997819b0e4529be7988eea4bedd4d276f74
4862,32,0x2897220823965b28bcb9d7fb3a215be633e377b4
4863,32,0x5c5c093f9116a2380f19f7af591a190362229cce
4864,32,0x5c5c093f9116a2380f19f7af591a190362229cce
4865,16,0xf670f4451fbf4430e58a65119202c0773a60b24e
4866,16,0x57721075d939b188364880c247410e1065baf511
4869,32,0xb8c39ba5309443ab4920b834790457a62c47fa35
4870,32,0xb8c39ba5309443ab4920b834790457a62c47fa35
4901,32,0xab0dee2006c7d84330b95cfa7c38da4307dfd74e
4911,32,0x31546c09ce57628f98d5a4b78b164207595baf6c
4914,16,0xc2ba2b009a9a8f12fdabed184412120fb072d620
4927,32,0x05d7c09a4d0cf7658b3507646f62e38b2dac8958
4928,32,0x05d7c09a4d0cf7658b3507646f62e38b2dac8958
4930,32,0xdac4c0c7c0fe9890b08ac59bddb3bb96ec098992
4950,32,0x1c39ebf9ec583a4b141bee3cacb07e46ec5eb2f2
4980,16,0xd015447fe4999149ceb8a4f0a80b5520045e7f47
5015,32,0x2897220823965b28bcb9d7fb3a215be633e377b4
5032,32,0x31546c09ce57628f98d5a4b78b164207595baf6c
5033,32,0x31546c09ce57628f98d5a4b78b164207595baf6c
5052,32,0x898b624d296f0af1bcb2853065b1ac151ebc1ccc
5091,32,0x28ce5479a8fc3194ff1f24478e5f733a4b8afd39
5094,32,0x19c47b6bf29cab375a11b0138dba57e0e484fbdc
5102,16,0x202c05cf01d9db2b44b50ba7827a001755305591
5106,32,0x2897220823965b28bcb9d7fb3a215be633e377b4
5118,16,0x2897220823965b28bcb9d7fb3a215be633e377b4
5121,32,0x2897220823965b28bcb9d7fb3a215be633e377b4
5122,32,0x2897220823965b28bcb9d7fb3a215be633e377b4
5131,32,0xda1e9c631ace798036d2650f0283e63bc546f213
5135,32,0x898b624d296f0af1bcb2853065b1ac151ebc1ccc
5178,32,0x0be708eafc31a270707f8b8a4ac0259b54b4740f
5190,32,0x07427c476501e03b1802541625cefd1df24484d2
5191,32,0xf9a0a378642a93e355473716ceb5b4151df8a09b
5192,32,0xf9a0a378642a93e355473716ceb5b4151df8a09b
5194,16,0xfd97acb3effe0eaa055e1a90e25aa4c1ccc52848
5195,32,0x97b4b4ac02486ce8b5327b8d86b3688d49b9663d
5196,32,0x97b4b4ac02486ce8b5327b8d86b3688d49b9663d
5199,32,0x898b624d296f0af1bcb2853065b1ac151ebc1ccc
5221,16,0xd1e03e39b374de47c485f16ad6b9b5474c0ee013
5223,32,0x6f698c01fc0cdcd85905c2afd36feb60e0fa97bd
5224,32,0x6f698c01fc0cdcd85905c2afd36feb60e0fa97bd
5229,16,0x07d5f53b68e772e98b732beb5116b4fd38261cbb
5239,32,0x3f3a0fcb36bef2ce4860ef4d4ab2b8958a5e96e3
5240,32,0x3f3a0fcb36bef2ce4860ef4d4ab2b8958a5e96e3
5241,32,0xd2f0ecf976ba28259a42ff7b38c8279453e21f2b
5242,32,0xd2f0ecf976ba28259a42ff7b38c8279453e21f2b
5258,32,0x0c76c897e0ebf2062320c51fe68ecd39dfe4aae0
5259,32,0x0c76c897e0ebf2062320c51fe68ecd39dfe4aae0
5264,32,0x51c6f394372be78a6264f8fe784cde83c8a86530
5265,32,0x51c6f394372be78a6264f8fe784cde83c8a86530
5271,32,0x134f89fa9c8dcf62c1e1f4aeb0fe9c9d5e69920a
5272,32,0x134f89fa9c8dcf62c1e1f4aeb0fe9c9d5e69920a
5275,32,0x2897220823965b28bcb9d7fb3a215be633e377b4
5276,32,0x2897220823965b28bcb9d7fb3a215be633e377b4
5286,32,0xba1d5693c869a3754f5e57dd7c336dabe35ab878
5287,32,0xba1d5693c869a3754f5e57dd7c336dabe35ab878
5288,32,0xc23a60d800279d338e0a73be5f1a639ff2f492a0
5289,32,0xc23a60d800279d338e0a73be5f1a639ff2f492a0
5295,32,0x89a80a410b1a0fcc91eda1fc8a4f7245ca183b6f
5302,32,0xfccdcdb6ae0e5820b21c98d323c1340fcce63cae
5303,32,0xfccdcdb6ae0e5820b21c98d323c1340fcce63cae
5308,32,0xbb46a26d61145c9becf49f52501dea12c80cd8e8
5309,32,0xbb46a26d61145c9becf49f52501dea12c80cd8e8
5313,32,0x0a72b56ce331cf97b9c693a08dce49a9566753b1
5314,32,0x410a20d45edbb4415a5981be8d559676b8100e57
5318,32,0xf91689a8581b9efd80a1b273ec730828f7ea0628
5319,32,0xf91689a8581b9efd80a1b273ec730828f7ea0628
5320,32,0xfce761b176cf360354c92b0efa89cde18cc00c7d
5321,32,0xfce761b176cf360354c92b0efa89cde18cc00c7d
5332,16,0x898b624d296f0af1bcb2853065b1ac151ebc1ccc
5334,32,0x5e993c7f296d21ed2412960826f61c89a786e13f
5335,32,0x5e993c7f296d21ed2412960826f61c89a786e13f
5336,32,0x7f561b815786a13e97073979a9b149fb11498a3e
5337,32,0x7f561b815786a13e97073979a9b149fb11498a3e
5340,32,0x423902bfc4699e6c78b971c1aed54b39dfc675ac
5341,32,0x423902bfc4699e6c78b971c1aed54b39dfc675ac
5360,32,0xd1dfd0124330e14a10408982873585d255301d4a
5361,32,0xd1dfd0124330e14a10408982873585d255301d4a
5366,32,0x96fc7958f554c723b5b7535329bec55a91ebfda3
5367,32,0x96fc7958f554c723b5b7535329bec55a91ebfda3
5370,16,0x898b624d296f0af1bcb2853065b1ac151ebc1ccc
5372,32,0x401cd38700507d5486bfe62aad07bb235c84948b
5373,32,0x401cd38700507d5486bfe62aad07bb235c84948b
5379,16,0x3e57efef507b4db7acfa2ee79ceca6b19e18d106
5399,32,0xb2cba1e110ec3fe2f8a258cc67d606216c9f900e
5400,32,0xb2cba1e110ec3fe2f8a258cc67d606216c9f900e
5407,32,0x06d652917200b7a5516223e0dd3f38b8767e7299
5408,32,0x06d652917200b7a5516223e0dd3f38b8767e7299
5409,32,0xf99fed074278106fc330ce704ab5596a3d65ffc3
5410,32,0xf99fed074278106fc330ce704ab5596a3d65ffc3
5417,32,0x144174394c9ce81493788d3096a04c255c65b683
5418,32,0x144174394c9ce81493788d3096a04c255c65b683
5444,32,0x0153186f3e40da59021dd51ee04a077bd47295c7
5445,32,0x0153186f3e40da59021dd51ee04a077bd47295c7
5450,32,0xef5b0873722b25851cd7b1b5ad8b15a50847e72c
5451,32,0xef5b0873722b25851cd7b1b5ad8b15a50847e72c
5453,32,0xb5f51b8706d5d8b430701a452525ad847aa33114
5454,32,0xb5f51b8706d5d8b430701a452525ad847aa33114
5458,16,0xab0a2fc0747c9a7f12f968739da737dab4bdfbe7
5464,32,0xd1e03e39b374de47c485f16ad6b9b5474c0ee013
5465,32,0xab0dee2006c7d84330b95cfa7c38da4307dfd74e
5467,32,0xc337828780cc53b4c76041b3fddbf2f8f2a7cfd0
5468,32,0xc337828780cc53b4c76041b3fddbf2f8f2a7cfd0
5473,32,0xc564369c69c41f5b2ab9e29511413250de0e1656
5474,32,0xc564369c69c41f5b2ab9e29511413250de0e1656
5481,32,0x648909d5537d782761245be9b4fb3f10122d70ae
5482,32,0x648909d5537d782761245be9b4fb3f10122d70ae
5493,32,0x442221f1391f19f8d6f80af0af1c89a84c95174b
5494,32,0x442221f1391f19f8d6f80af0af1c89a84c95174b
5495,32,0x9fed225115a1374c7f0faef307d471c80fff1893
5496,32,0x9fed225115a1374c7f0faef307d471c80fff1893
5510,32,0x311fdb1d597c0699a9f6b6b35235b5938fd07928
5512,32,0xb2e7f7044a94dd0f9dca56f2e402355d0a0d60e4
5513,32,0xdac4c0c7c0fe9890b08ac59bddb3bb96ec098992
5518,32,0xcb14048dfb9971433eb56be524725e1b317b444f
5529,16,0xdf087c9fe7f42e45b66fa22be028ad50e4c90234
5530,32,0x720ccbe5cbc04f0c6331162a77690fbf4d13533a
5531,32,0x3b0667ab576a6aceb3add15c98db84f51c20e370
5532,32,0x0e855e3f407d65a21fee7107b7e8b4717476991d
5561,32,0x5e71dce31312ecf6110e552c8d8a5fe34cd6c8dd
5562,32,0x5e71dce31312ecf6110e552c8d8a5fe34cd6c8dd
5573,32,0x5e7ce8ca069e181188d923d336c0bfa3b85f8666
5578,32,0xb80da36df6dab33de08419d50bb7214f96cd6427
5589,32,0x928d76060576697e56221ba0d1b04015934e4fd9
5591,32,0xb432e38c547fe9e0822c225f6f488fc07d97bdcc
5592,32,0xdac4c0c7c0fe9890b08ac59bddb3bb96ec098992
5597,32,0x8118547d2f70f36e86c92aeba3c3fac4518d313c
5614,32,0x05d93ec016c4ae7a653fe79e6da7746073afb94f
5615,32,0x05d93ec016c4ae7a653fe79e6da7746073afb94f
5621,16,0x5e71dce31312ecf6110e552c8d8a5fe34cd6c8dd
5624,32,0xda1e9c631ace798036d2650f0283e63bc546f213
5634,32,0xab0dee2006c7d84330b95cfa7c38da4307dfd74e
5635,32,0x0c41684841245296da6c5dfca8e9cd0bd47181d1
2058,16,0x12d47a4931a8e6f6e242b023b23f993570885605
2068,16,0x11610d0bf661d3ccbb9493cf23184f68ecfe4783
2071,32,0x0a9fd20fc663cc9afa28699959965a2a2dc5aae3
2072,32,0x0a9fd20fc663cc9afa28699959965a2a2dc5aae3
2080,32,0x5e7ce8ca069e181188d923d336c0bfa3b85f8666
2081,32,0x40f2de155cedcbd4d4011fcacbbe9c4c1aa442fe
2087,32,0xdf06a761d286c0ae835173236e1f12f1379e4977
2088,32,0xdf06a761d286c0ae835173236e1f12f1379e4977
2089,32,0x9332aadd6c45d8e11311f0ef87bc288e0316f7a5
2092,32,0x49a456fe253d8a423b3d22a428085d9096f3fe61
2097,16,0x4dd0e6b056035b9706347eb350238102e51a6394
2099,32,0x327c86581e15d6a72207e655216938ef10c78999
2106,16,0x0a72b56ce331cf97b9c693a08dce49a9566753b1
2112,32,0x9332aadd6c45d8e11311f0ef87bc288e0316f7a5
2116,32,0x7dc2df69c7ad04cf7e7a0fc77dcb125e1fa5d160
2117,32,0x7dc2df69c7ad04cf7e7a0fc77dcb125e1fa5d160
2118,32,0x1361d2a1de89f83f61bcba6c6eb72aee3433cfac
2119,32,0x1361d2a1de89f83f61bcba6c6eb72aee3433cfac
2130,32,0x5e71dce31312ecf6110e552c8d8a5fe34cd6c8dd
2132,32,0x366401d0c187eb5194488cbcf4ff7ebe6b8b221f
2133,32,0xc9aff3ebcc2f3fc87076093532055c4642308c65
2134,32,0x985354a689a962c28bc171567082d7092afd80c0
2137,16,0x9bde7d3698b7ff753648ade39392f8f1c7edca91
2146,16,0x947a518695f63096650e7bfd421fd9be8b38be3a
2147,16,0x3e57efef507b4db7acfa2ee79ceca6b19e18d106
2158,32,0xc2ba2b009a9a8f12fdabed184412120fb072d620
2166,32,0x5f447199987971edb01e358cf67f390df9e75237
2167,32,0x5f447199987971edb01e358cf67f390df9e75237
2177,16,0x0a72b56ce331cf97b9c693a08dce49a9566753b1
2183,32,0x7201ad662c2f3808fc364ee62b9b31a6d8053ed4
2186,16,0x0a72b56ce331cf97b9c693a08dce49a9566753b1
2195,16,0xab0a2fc0747c9a7f12f968739da737dab4bdfbe7
2198,16,0xab0a2fc0747c9a7f12f968739da737dab4bdfbe7
2204,32,0xab0dee2006c7d84330b95cfa7c38da4307dfd74e
2206,16,0x46c6b56ec3815c15ebbd9e0a5a17996bc9db2ccf
2214,32,0xfccdcdb6ae0e5820b21c98d323c1340fcce63cae
2218,16,0x0ab71c08687ad6248b76d3f7e799fc6f339f6625
2222,32,0xcc2c8d8f1866fc01e2d04cf69d5aa4bb15d3a7cf
2224,32,0xcc2c8d8f1866fc01e2d04cf69d5aa4bb15d3a7cf
2227,32,0xcc2c8d8f1866fc01e2d04cf69d5aa4bb15d3a7cf
2228,32,0xcc2c8d8f1866fc01e2d04cf69d5aa4bb15d3a7cf
2229,32,0xcc2c8d8f1866fc01e2d04cf69d5aa4bb15d3a7cf
2230,32,0x5932a976921b9383e753b24582c37d439b46ff38
2231,32,0x9332aadd6c45d8e11311f0ef87bc288e0316f7a5
2234,16,0xcc2c8d8f1866fc01e2d04cf69d5aa4bb15d3a7cf
2236,16,0xe224a464e5b021636474a89c5b4bcb46dbd1da25
2237,32,0x117fff76beff447cd2e64830062beb90e4bbc1e2
2249,32,0xd20ecb03ac9c87f496da6846fd9d04a8865928b3
2252,32,0xd3bb9f9e0f84608d75ab2bba1637b373fbf480c1
2253,32,0xd3bb9f9e0f84608d75ab2bba1637b373fbf480c1
2260,16,0x87f4c743c2a1323a88855f2db61ec1eea651ca2e
2264,32,0xe0446220cbd9494a44a3bf4d26bf56789d560501
2265,32,0xe0446220cbd9494a44a3bf4d26bf56789d560501
2281,32,0x3e57efef507b4db7acfa2ee79ceca6b19e18d106
2282,32,0xbe2fd46639eae548552aa79b1245d65718cb89d9
2285,32,0x7201ad662c2f3808fc364ee62b9b31a6d8053ed4
2287,32,0x2eb506d25cd53a205cdc0c94d4a6aa71624f3a89
2288,32,0x1cd50df53ea17c2b98a18fd65de2df173339296e
2313,16,0x27848723f883dad93074f662f017f02a3a2931a3
2327,16,0x28bf7de4c3b52975d36a55c1f7ccb6af131efa83
2345,32,0xdac4c0c7c0fe9890b08ac59bddb3bb96ec098992
2348,32,0xf9f9f29f4c5b43f9566bcc91f9ccebfc7d40e099
2349,32,0xf9f9f29f4c5b43f9566bcc91f9ccebfc7d40e099
2368,32,0x0be708eafc31a270707f8b8a4ac0259b54b4740f
2375,32,0x9332aadd6c45d8e11311f0ef87bc288e0316f7a5
2380,32,0xb2e7f7044a94dd0f9dca56f2e402355d0a0d60e4
2383,16,0x3e57efef507b4db7acfa2ee79ceca6b19e18d106
2387,32,0xc09a6b7a56609dbde7b4cced1ae9621344cb7004
2388,32,0xc09a6b7a56609dbde7b4cced1ae9621344cb7004
2393,32,0xd512ffe85be6f9ce44091c4bfb474f0293e818dc
2394,32,0xd512ffe85be6f9ce44091c4bfb474f0293e818dc
2423,32,0x9352034b508263f63c50d4c445495e00651e72a0
2424,32,0x9352034b508263f63c50d4c445495e00651e72a0
2425,32,0xfccdcdb6ae0e5820b21c98d323c1340fcce63cae
2426,32,0xb4589b3391f9da26a9acbb7d9b371ad4f832591f
2427,16,0xc2ba2b009a9a8f12fdabed184412120fb072d620
2431,32,0xb0481e4d9513924d3eef075781794ea81b14e0f7
2432,32,0xb0481e4d9513924d3eef075781794ea81b14e0f7
2438,32,0xde9991ec0533e2c874cc9298097e9cf5db523f76
2446,32,0xc7a4801c7a04e16c03e133cd569c875d38aeb68f
2447,32,0x4be2ee779fbfdee5409ff3e28ab50d0d55101558
2454,32,0xc146f11ecc7cd059218fdfe7ebc440c59addba9c
2455,32,0xc146f11ecc7cd059218fdfe7ebc440c59addba9c
2456,32,0xee202e0af55021448eb0c0fa4b33d927c2816832
2457,32,0xee202e0af55021448eb0c0fa4b33d927c2816832
2458,16,0x2eb506d25cd53a205cdc0c94d4a6aa71624f3a89
2463,32,0x898b624d296f0af1bcb2853065b1ac151ebc1ccc
2466,16,0xc70fe10cdf99151ffe9b2e24ee1da97fb780714b
2471,16,0xab0a2fc0747c9a7f12f968739da737dab4bdfbe7
2472,32,0x0be708eafc31a270707f8b8a4ac0259b54b4740f
2480,32,0x5e7ce8ca069e181188d923d336c0bfa3b85f8666
2481,32,0x05d93ec016c4ae7a653fe79e6da7746073afb94f
2498,32,0x18f6de4643248aa65a090c1d3546ec7a9eb5cdc6
2499,32,0x947a518695f63096650e7bfd421fd9be8b38be3a
2501,16,0x31031eeaaedd39ed8b06deca903cc7102678df80
2502,32,0xdac4c0c7c0fe9890b08ac59bddb3bb96ec098992
2503,32,0x18f6de4643248aa65a090c1d3546ec7a9eb5cdc6
2508,32,0xde1f20ac365fa7e562903cf6d63493be534dacfc
2509,16,0xdf0b4c9e1b3b3b83bebc12489a3fa630d91d4c6e
2512,16,0x2eb506d25cd53a205cdc0c94d4a6aa71624f3a89
2514,16,0x6313d7948d3491096ffe00dea2d246d588b4d4fc
2523,32,0xffc9a5ecf39dba2bf0b8b2c4d843bfd70b1a6082
2524,16,0x117fff76beff447cd2e64830062beb90e4bbc1e2
2529,32,0xdac4c0c7c0fe9890b08ac59bddb3bb96ec098992
2530,32,0xdac4c0c7c0fe9890b08ac59bddb3bb96ec098992
2535,32,0xf853d8eb5923aaa56aeac5bb99107455b5ec0ab8
2537,32,0x12b668eb9ca7354b2f05361e3ae12b27547a4986
2539,16,0x0a72b56ce331cf97b9c693a08dce49a9566753b1
2549,32,0x9452f977e3be00b4b9db4a21041f2b94f116a3c1
2553,16,0xbe931D053E0156b527cA478744D212C66684F653
2554,16,0xbe931D053E0156b527cA478744D212C66684F653
2582,32,0xb0e8af8ddc8480789b37f90689c5bbba2139804c
2587,32,0x0a72b56ce331cf97b9c693a08dce49a9566753b1
2589,32,0x268e94649f4f2b7609d012494783d908f051fe74
2590,32,0x268e94649f4f2b7609d012494783d908f051fe74
2591,32,0x87513320f99621170ebbdc04f4c1f64d4261c653
2592,32,0x87513320f99621170ebbdc04f4c1f64d4261c653
2601,32,0xfda61e21f32a86562f37916b9e714373748ee0df
2609,16,0xe8abab62a00a397bb6c936e6162298e9a171cb49
2610,32,0x9332aadd6c45d8e11311f0ef87bc288e0316f7a5
2615,32,0xeeb5d255d45e47e5d6532cc3775986d456bbe1b6
2620,16,0xd015447fe4999149ceb8a4f0a80b5520045e7f47
2625,16,0x0c41684841245296da6c5dfca8e9cd0bd47181d1
2626,32,0xf869cfdbc526344e239e88a120866b1bff20b1ec
2629,32,0x5eba361d96b57926f3c47bec163e526c6fc07720
2656,32,0xdbd3e0ec8aee886c17e5f4ae61b59089b389d0f6
2669,32,0x46fb16917b38f86ab128cc946b45b250261848ff
2675,32,0xfccdcdb6ae0e5820b21c98d323c1340fcce63cae
2679,32,0xcc0e876967c6f7d72162b489545fdab6f2b2f848
2680,32,0xcc0e876967c6f7d72162b489545fdab6f2b2f848
2681,32,0xc146f11ecc7cd059218fdfe7ebc440c59addba9c
2682,32,0x898b624d296f0af1bcb2853065b1ac151ebc1ccc
2683,32,0x5e7ce8ca069e181188d923d336c0bfa3b85f8666
2695,32,0x68aa1d320d48827b91e2317844197f03d8c37f66
2701,32,0x1cbf3b005a908891ff209386381a1e3d97e2978d
2702,32,0x1049104a3393782c3d0A2acE8f4CBb811b88b2BB
2717,32,0xba1d5693c869a3754f5e57dd7c336dabe35ab878
2718,32,0xba1d5693c869a3754f5e57dd7c336dabe35ab878
2719,32,0xba1d5693c869a3754f5e57dd7c336dabe35ab878
2720,32,0xba1d5693c869a3754f5e57dd7c336dabe35ab878
2721,32,0x64220b85356c2e31aa5b2dd79322dbab63d05f22
2722,32,0x64220b85356c2e31aa5b2dd79322dbab63d05f22
2749,32,0x1e3c2c6996f02f326fd6cfc8f805adf63915bfa3
2750,32,0xab0dee2006c7d84330b95cfa7c38da4307dfd74e
2752,32,0x985354a689a962c28bc171567082d7092afd80c0
2754,16,0x25c53e7da97cddb8f7943fba9f9ff569b84a261a
2759,32,0x45c9235209a06bf8c8596c00b2934cf5aade091e
2763,16,0xcc2c8d8f1866fc01e2d04cf69d5aa4bb15d3a7cf
2775,32,0x7793319c03d6229e7b2739c2672dea58c04bdc2f
2776,32,0x7793319c03d6229e7b2739c2672dea58c04bdc2f
2790,16,0x100ee93639b5bb81cf1fb694f3874cc336439bc6
2800,32,0x0a72b56ce331cf97b9c693a08dce49a9566753b1
2806,32,0x0e855e3f407d65a21fee7107b7e8b4717476991d
2811,16,0x311fdb1d597c0699a9f6b6b35235b5938fd07928
2813,32,0x2f923012fc0733e9c12e5547ff170c890b5684bb
2814,32,0x2f923012fc0733e9c12e5547ff170c890b5684bb
2820,32,0xab0dee2006c7d84330b95cfa7c38da4307dfd74e
2822,32,0x2c0d00da4cc0df7303baf92447a04d76171a9383
2833,32,0x486accc8f0578755ce157518ab24234ff65b1b50
2835,16,0x5dcedd3babead36f1e67f22d389592aa1910baff
2851,16,0x18f6de4643248aa65a090c1d3546ec7a9eb5cdc6
2855,32,0x45c9235209a06bf8c8596c00b2934cf5aade091e
2858,32,0x898b624d296f0af1bcb2853065b1ac151ebc1ccc
2859,32,0x898b624d296f0af1bcb2853065b1ac151ebc1ccc
2866,16,0x4dd0e6b056035b9706347eb350238102e51a6394
2884,16,0x87f4c743c2a1323a88855f2db61ec1eea651ca2e
2893,16,0xab0dee2006c7d84330b95cfa7c38da4307dfd74e
2896,32,0xdf06a761d286c0ae835173236e1f12f1379e4977
2897,32,0xdf06a761d286c0ae835173236e1f12f1379e4977
2900,32,0xa28ef9ab58ae6d14c23f8855852346c9510e49a3
2901,32,0xdf087c9fe7f42e45b66fa22be028ad50e4c90234
2911,32,0x3d89e013ff9668910c5cd71057b5397848bece8e
2920,32,0xabddd183743e61a04a7b31de3dc68171ca3ed4cc
2921,32,0xabddd183743e61a04a7b31de3dc68171ca3ed4cc
2925,16,0x366401d0c187eb5194488cbcf4ff7ebe6b8b221f
2926,32,0x9468c2c628de0b30d58c9b2cbc17110a3934b87d
2939,32,0xc4f6651679ecadb40bd0aa257f015ed366029a01
2940,32,0xc4f6651679ecadb40bd0aa257f015ed366029a01
2946,32,0xdac4c0c7c0fe9890b08ac59bddb3bb96ec098992
2947,32,0xab0dee2006c7d84330b95cfa7c38da4307dfd74e
2950,16,0x07427c476501e03b1802541625cefd1df24484d2
2966,16,0x0a72b56ce331cf97b9c693a08dce49a9566753b1
2969,16,0x5e7ce8ca069e181188d923d336c0bfa3b85f8666
2970,32,0x898b624d296f0af1bcb2853065b1ac151ebc1ccc
2971,32,0xdac4c0c7c0fe9890b08ac59bddb3bb96ec098992
2979,32,0x2cef54ba120cdbdc1ca07381e5b4747b587e9261
2981,32,0xd92da91c48cae1d8309da06150751c11d049613e
2982,32,0x455d1d0444b808c8aab2bfe7c68f55dc75af9e27
2986,16,0xd015447fe4999149ceb8a4f0a80b5520045e7f47
2992,16,0x21cb5ba7e40eb0d547cfe5a6e1524d10a77dd11e
2993,16,0x8f59fa39d9612b0f8ea0d0d28961ec0d535f6799
2994,32,0x8f59fa39d9612b0f8ea0d0d28961ec0d535f6799
2997,32,0xa75cdeb01f9cac60ccc07f2b7db3942a1b4c9903
3001,32,0x56b3591aafd665aadc8f956c5964923782ea1698
3002,32,0x56b3591aafd665aadc8f956c5964923782ea1698
3013,16,0x4f57b97c74d7d53f1456a274fcbeaa69549fd77c
3020,16,0xea5f4f4440ff3cc417d09b43d6f8da1f14175846
3023,32,0x9332aadd6c45d8e11311f0ef87bc288e0316f7a5
3024,32,0x9332aadd6c45d8e11311f0ef87bc288e0316f7a5
3032,32,0x0953678ac2ee8571486ca9f94d3306d403cc76c0
3055,32,0xd98e0e55c31aec33dca7065ba2fbe7cbcdf94829
3056,32,0x43853aede65371186eac37a91e9e163724aeddcc
3066,32,0x985354a689a962c28bc171567082d7092afd80c0
3069,32,0xa886bc501a3b6ce40c26c6a87422109763e7dbc8
3077,16,0x77c740c6d7a012c5dc0c81f74c47d5dddcedebca
3107,32,0xfccdcdb6ae0e5820b21c98d323c1340fcce63cae
3108,32,0xd0232776459fdf134ae7ea2e5aaae58904fc3bfe
3114,32,0xbe2fd46639eae548552aa79b1245d65718cb89d9
3115,32,0x2f923012fc0733e9c12e5547ff170c890b5684bb
3116,32,0x2f923012fc0733e9c12e5547ff170c890b5684bb
3120,32,0x7c3f6726981be1c95d77f9b06c9aa71df7dfc99e
3121,32,0x7c3f6726981be1c95d77f9b06c9aa71df7dfc99e
3123,32,0xb80da36df6dab33de08419d50bb7214f96cd6427
3129,16,0x0a72b56ce331cf97b9c693a08dce49a9566753b1
3138,32,0x1584df90cb8ffda66d0d3b6b64ef7bfbdca191b8
3139,16,0x3e57efef507b4db7acfa2ee79ceca6b19e18d106
3144,16,0x4dd0e6b056035b9706347eb350238102e51a6394
3146,32,0x5c5d19faa967ba5d3a0fc919af27a462122ff8a1
3147,32,0x5c5d19faa967ba5d3a0fc919af27a462122ff8a1
3150,32,0xad11b0e1ef67d1d0950eaa159ca821bdb42b6d10
3154,32,0x5e7ce8ca069e181188d923d336c0bfa3b85f8666
3155,16,0x5e7ce8ca069e181188d923d336c0bfa3b85f8666
3160,32,0x847803a8dbf38a910b58e78b47f0b1c8c22f5f11
3161,32,0x847803a8dbf38a910b58e78b47f0b1c8c22f5f11
3167,32,0x898b624d296f0af1bcb2853065b1ac151ebc1ccc
3175,32,0xf72ccff19ad94a6ecb096ddf8c35c7ff6fab7c28
3186,32,0x0a72b56ce331cf97b9c693a08dce49a9566753b1
3194,16,0x92373997819b0e4529be7988eea4bedd4d276f74
3206,32,0xC7A1D0616C7a51C22AC3b962336cd856210d8132
3207,32,0xC7A1D0616C7a51C22AC3b962336cd856210d8132
3209,16,0x6313d7948d3491096ffe00dea2d246d588b4d4fc
3212,32,0x574c6ed03833e957dbd13257e27d29a00bb08c61
3213,32,0x574c6ed03833e957dbd13257e27d29a00bb08c61
3228,32,0xe93735deb30aaa0810dfda7fb2b0e2115982b1d1
3229,32,0xe93735deb30aaa0810dfda7fb2b0e2115982b1d1
3234,32,0x0c844ba95ee1d4a7c54ef35435775e2d5bd2a3d6
3247,32,0x5c5d19faa967ba5d3a0fc919af27a462122ff8a1
3249,16,0x3621f96aea9904da476727550ee205ca4c2f779c
3250,32,0x3621f96aea9904da476727550ee205ca4c2f779c
3263,32,0x3a2e70c82b6fd09bd07f33f323bf29f596c6c558
3264,32,0x3a2e70c82b6fd09bd07f33f323bf29f596c6c558
3268,16,0x31031eeaaedd39ed8b06deca903cc7102678df80
3271,32,0x89a80a410b1a0fcc91eda1fc8a4f7245ca183b6f
3276,32,0xcf288c26239a4e2058387923f374ddc00358cdd7
3277,32,0xcf288c26239a4e2058387923f374ddc00358cdd7
3280,32,0x20cf2351c22242eda773962bf628ba2b02680923
3283,32,0x49a54b1030dd15fe2abf9573580febbc01e9ed4e
3286,32,0x5e7ce8ca069e181188d923d336c0bfa3b85f8666
3287,32,0x5e7ce8ca069e181188d923d336c0bfa3b85f8666
3293,16,0xcc2c8d8f1866fc01e2d04cf69d5aa4bb15d3a7cf
3316,16,0x58e02a7aa5fcf710358bcf26d93d80dae782c6fa
3325,16,0x11610d0bf661d3ccbb9493cf23184f68ecfe4783
3337,32,0xff11d4b93cd990fd93233f61a32509ce70ba11cf
3338,32,0xff11d4b93cd990fd93233f61a32509ce70ba11cf
3344,16,0x1ba1ff69f03d38af7ef40e3afdc53ad073eb4642
3345,32,0x590ec13e9af827f98ecabb553bff8403272d5a42
3346,32,0x590ec13e9af827f98ecabb553bff8403272d5a42
3348,32,0x898b624d296f0af1bcb2853065b1ac151ebc1ccc
3358,16,0x55be9cb776a3d4722b9da3b833c247a82ce6d151
3366,32,0x255a61b9c585f2ced567e2161eb0b764fcc3b81d
3367,16,0x6e0c839df4600dd5087d8a2a54b0798179ee4ed4
3368,16,0x45c9235209a06bf8c8596c00b2934cf5aade091e
3378,16,0x3e57efef507b4db7acfa2ee79ceca6b19e18d106
3388,32,0xdac4c0c7c0fe9890b08ac59bddb3bb96ec098992
3401,16,0x7e222f65ab279507b4124ba450f13f9758212d42
3403,32,0x6313d7948d3491096ffe00dea2d246d588b4d4fc
3411,32,0xab0dee2006c7d84330b95cfa7c38da4307dfd74e
3412,32,0xdac4c0c7c0fe9890b08ac59bddb3bb96ec098992
3414,32,0xdac4c0c7c0fe9890b08ac59bddb3bb96ec098992
3417,16,0x1051541b2ccfc65b6e0145667355ca7602ea2fa1
3433,16,0xa20e90bebe4c230b991d26464e0726a2d6d9dff8
3434,16,0x8b7bf875e82a259b704c33fd87eceb7f4850f616
3436,16,0x8dc8a0917875bdb3fca0c019ee99c3863f7234bc
3441,32,0xdac4c0c7c0fe9890b08ac59bddb3bb96ec098992
3443,16,0xdbd3e0ec8aee886c17e5f4ae61b59089b389d0f6
3454,32,0x0e855e3f407d65a21fee7107b7e8b4717476991d
3459,32,0x3b0667ab576a6aceb3add15c98db84f51c20e370
3467,32,0x33e5c45d204f262bb6ea638444756c88050864d3
3477,32,0x87f4c743c2a1323a88855f2db61ec1eea651ca2e
3483,32,0xaf7453c1acd662485ae30f54fd2dfd9c201096e8
3484,32,0xaf7453c1acd662485ae30f54fd2dfd9c201096e8
3489,32,0x5c5d19faa967ba5d3a0fc919af27a462122ff8a1
3496,32,0x898b624d296f0af1bcb2853065b1ac151ebc1ccc
3498,32,0x0a6379391292909d68f2c3a0b9a1edaddab95245
3499,32,0xdac4c0c7c0fe9890b08ac59bddb3bb96ec098992
3500,32,0xab0dee2006c7d84330b95cfa7c38da4307dfd74e
3523,16,0xdbd3e0ec8aee886c17e5f4ae61b59089b389d0f6
3524,16,0x3e57efef507b4db7acfa2ee79ceca6b19e18d106
3529,32,0x05d93ec016c4ae7a653fe79e6da7746073afb94f
3530,32,0x05d93ec016c4ae7a653fe79e6da7746073afb94f
3532,32,0x793df8014eaf918924006a4c7fc2999c643c0e9d
3533,16,0xe076d539e5a1c0bd1f5d99fafff9811884ec0fd1
3543,32,0xae5252b7d6603af2fa284e565a11e3175ef84a9c
3544,32,0xae5252b7d6603af2fa284e565a11e3175ef84a9c
3558,16,0xebc453e098ea5ca81e216441891c84bc4fb6e8e6
3562,16,0x14dadf66579d2c696d5fb675c5dedad554df7b4e
3565,32,0xd5c4cecc72e9c63e55d7fc5cd358d8b1d1839e79
3573,16,0xd589286a2c8e633a7c1c3adbbc19e53c790932c6
3574,16,0xdf0b4c9e1b3b3b83bebc12489a3fa630d91d4c6e
3576,32,0x898b624d296f0af1bcb2853065b1ac151ebc1ccc
3583,16,0x009a666e3da6345073e0a784f99ccb5d683d2e45
3592,32,0xdac4c0c7c0fe9890b08ac59bddb3bb96ec098992
3594,32,0x410a20d45edbb4415a5981be8d559676b8100e57
3599,16,0xea5f4f4440ff3cc417d09b43d6f8da1f14175846
3604,32,0x311fdb1d597c0699a9f6b6b35235b5938fd07928
3605,32,0xdac4c0c7c0fe9890b08ac59bddb3bb96ec098992
3606,32,0xdac4c0c7c0fe9890b08ac59bddb3bb96ec098992
3630,16,0xc7a4801c7a04e16c03e133cd569c875d38aeb68f
3638,32,0x31546c09ce57628f98d5a4b78b164207595baf6c
3663,16,0x0c41684841245296da6c5dfca8e9cd0bd47181d1
3664,32,0x05d93ec016c4ae7a653fe79e6da7746073afb94f
3668,32,0x255a61b9c585f2ced567e2161eb0b764fcc3b81d
3678,32,0x5c5d19faa967ba5d3a0fc919af27a462122ff8a1
3679,16,0x3621f96aea9904da476727550ee205ca4c2f779c
3690,16,0xadc9a18966fa61a42687d32a6ad3936d67f06394
3692,32,0x49a456fe253d8a423b3d22a428085d9096f3fe61
3693,32,0x87f4c743c2a1323a88855f2db61ec1eea651ca2e
3701,32,0x9ea94e31853c76c6912b6903027bb8f456e9f8ea
3702,32,0x9ea94e31853c76c6912b6903027bb8f456e9f8ea
3715,32,0x0a72b56ce331cf97b9c693a08dce49a9566753b1
3716,32,0x3df89cc65bb96b62cb6c0afc21c6205f547f4565
3717,32,0x242be686628d0cfa2197ee8a77ef574f5923f156
3718,32,0xc0385c781b2f35ae0ba54c2948f4c23afa3bb954
3725,32,0x401cd38700507d5486bfe62aad07bb235c84948b
3744,32,0x6e0c839df4600dd5087d8a2a54b0798179ee4ed4
3749,32,0xa28ef9ab58ae6d14c23f8855852346c9510e49a3
3750,32,0xa28ef9ab58ae6d14c23f8855852346c9510e49a3
3759,32,0x288cdebb256f95f27d0a6ad39fa5e9c2a0b06ba9
3774,32,0xead00ed237784341ee474ceabad298f96dc080c8
3776,32,0x135dbda444ffcd5cc4506fcb0dcbb48da5f1f988
3780,32,0x49a456fe253d8a423b3d22a428085d9096f3fe61
3785,16,0x0a72b56ce331cf97b9c693a08dce49a9566753b1
3791,32,0xf3edf9605cde44470dcc6bf455cd34b939668cc5
3792,32,0xf3edf9605cde44470dcc6bf455cd34b939668cc5
3803,32,0xbf2c11f61c4a005028a68fe6672c81fa3318418e
3804,16,0x5b0ce600919303b9b733e23020c834909f290fd3
3813,32,0x18adb1f4c39a559961a612ffea857fbd9b22c5e8
3820,32,0xd015447fe4999149ceb8a4f0a80b5520045e7f47
3825,32,0x3e7b7fe411bf7ce14ed1922ec282f07eff6c39ea
3826,32,0xda1e9c631ace798036d2650f0283e63bc546f213
3829,16,0x2eb506d25cd53a205cdc0c94d4a6aa71624f3a89
3838,16,0x93ff0e8284fb75d3a9143feb3e2b93d3b03311c7
3845,16,0x87f4c743c2a1323a88855f2db61ec1eea651ca2e
3846,32,0x898b624d296f0af1bcb2853065b1ac151ebc1ccc
3848,32,0x117fff76beff447cd2e64830062beb90e4bbc1e2
3851,16,0x87f4c743c2a1323a88855f2db61ec1eea651ca2e
3853,16,0x49a456fe253d8a423b3d22a428085d9096f3fe61
3854,16,0xffc9a5ecf39dba2bf0b8b2c4d843bfd70b1a6082
3861,16,0x0a72b56ce331cf97b9c693a08dce49a9566753b1
3862,16,0xdbd3e0ec8aee886c17e5f4ae61b59089b389d0f6
3874,32,0x87f4c743c2a1323a88855f2db61ec1eea651ca2e
3893,32,0xdf087c9fe7f42e45b66fa22be028ad50e4c90234
3905,16,0xb3384ebd56b9e7265d8ab94f17563f2cc71154b3
3913,32,0x898b624d296f0af1bcb2853065b1ac151ebc1ccc
3915,32,0x7d5bc36f06585f6333032b6894f7a82766dfab42
3916,32,0x7d5bc36f06585f6333032b6894f7a82766dfab42
3919,32,0x712fa6b54381bfacd214a50bb6c9b9c591bc3d52
3920,32,0x712fa6b54381bfacd214a50bb6c9b9c591bc3d52
3925,16,0xd1e03e39b374de47c485f16ad6b9b5474c0ee013
3926,32,0x4dd0e6b056035b9706347eb350238102e51a6394
3927,16,0xdf087c9fe7f42e45b66fa22be028ad50e4c90234
3945,32,0x3e7b7fe411bf7ce14ed1922ec282f07eff6c39ea
3951,32,0xab0dee2006c7d84330b95cfa7c38da4307dfd74e
3952,32,0xab0dee2006c7d84330b95cfa7c38da4307dfd74e
3957,32,0xc7a4801c7a04e16c03e133cd569c875d38aeb68f
3964,32,0x0a72b56ce331cf97b9c693a08dce49a9566753b1
3969,16,0x379d7624d08bd598f2353b7a38b0be708a85227d
3971,32,0x1684be2eaddfa77387c25402bc83f0b6441cf02d
3977,32,0x4d246e41d7131ff60cd533c13bd2aafce7ab1265
3978,32,0x4d246e41d7131ff60cd533c13bd2aafce7ab1265
3986,32,0xdac4c0c7c0fe9890b08ac59bddb3bb96ec098992
4005,32,0x61ff13f129a96d2d229d37a0531979852945433a
4007,32,0x11610d0bf661d3ccbb9493cf23184f68ecfe4783
4008,32,0x11610d0bf661d3ccbb9493cf23184f68ecfe4783
4011,32,0xeeb5d255d45e47e5d6532cc3775986d456bbe1b6
4012,32,0xeeb5d255d45e47e5d6532cc3775986d456bbe1b6
4013,32,0x410a20d45edbb4415a5981be8d559676b8100e57
4032,16,0xb432e38c547fe9e0822c225f6f488fc07d97bdcc
4038,16,0x9fed225115a1374c7f0faef307d471c80fff1893
4050,32,0x49a456fe253d8a423b3d22a428085d9096f3fe61
4056,32,0xdac4c0c7c0fe9890b08ac59bddb3bb96ec098992
4072,16,0xd589286a2c8e633a7c1c3adbbc19e53c790932c6
4085,32,0x7f7b584316ca0bc62dfe3e2165a45c2e40b04972
4086,32,0x7f7b584316ca0bc62dfe3e2165a45c2e40b04972
4089,16,0x49a456fe253d8a423b3d22a428085d9096f3fe61
4098,32,0x19c47b6bf29cab375a11b0138dba57e0e484fbdc
4105,32,0xdac4c0c7c0fe9890b08ac59bddb3bb96ec098992
4114,32,0x410a20d45edbb4415a5981be8d559676b8100e57
4119,32,0x7b975a831fdf363cd999f60d359a9d9823de7c77
4120,32,0x7b975a831fdf363cd999f60d359a9d9823de7c77
4121,32,0x898b624d296f0af1bcb2853065b1ac151ebc1ccc
4122,32,0x898b624d296f0af1bcb2853065b1ac151ebc1ccc
4124,32,0x6e0c839df4600dd5087d8a2a54b0798179ee4ed4
4130,16,0x0a72b56ce331cf97b9c693a08dce49a9566753b1
4137,16,0x87f4c743c2a1323a88855f2db61ec1eea651ca2e
4138,16,0xab0dee2006c7d84330b95cfa7c38da4307dfd74e
4141,32,0xaebb132f8a22c1e11731cfa96d983c1ef02cebf9
4145,32,0x947a518695f63096650e7bfd421fd9be8b38be3a
4146,32,0x947a518695f63096650e7bfd421fd9be8b38be3a
4153,16,0x92373997819b0e4529be7988eea4bedd4d276f74
4158,32,0x0be708eafc31a270707f8b8a4ac0259b54b4740f
4171,32,0xbe2fd46639eae548552aa79b1245d65718cb89d9
4172,32,0x0be708eafc31a270707f8b8a4ac0259b54b4740f
4179,32,0x61ff13f129a96d2d229d37a0531979852945433a
4180,32,0x61ff13f129a96d2d229d37a0531979852945433a
4193,16,0xd1e03e39b374de47c485f16ad6b9b5474c0ee013
4194,16,0x93ff0e8284fb75d3a9143feb3e2b93d3b03311c7
4204,16,0x274a4fa44d6ca2b4a6124214b93d89b90dcc4523
4222,32,0x8a44382e374a95474e61d006c4c8c819cfcd4ccf
4224,16,0xdf087c9fe7f42e45b66fa22be028ad50e4c90234
4241,32,0x3a521e9591b6145f747bb1dd7798105f2fade3b9
4242,32,0x3a521e9591b6145f747bb1dd7798105f2fade3b9
4251,32,0x898b624d296f0af1bcb2853065b1ac151ebc1ccc
4270,32,0xd20ecb03ac9c87f496da6846fd9d04a8865928b3
4271,32,0xd20ecb03ac9c87f496da6846fd9d04a8865928b3
4290,32,0xdac4c0c7c0fe9890b08ac59bddb3bb96ec098992
4291,32,0xfccdcdb6ae0e5820b21c98d323c1340fcce63cae
4306,32,0xa28ef9ab58ae6d14c23f8855852346c9510e49a3
4307,32,0xa28ef9ab58ae6d14c23f8855852346c9510e49a3
4312,32,0x947a518695f63096650e7bfd421fd9be8b38be3a
4313,32,0x947a518695f63096650e7bfd421fd9be8b38be3a
4319,32,0xa28ef9ab58ae6d14c23f8855852346c9510e49a3
4320,32,0xa9e72fb863cab3de32e68b9f990d3f894d7fa9e1
4321,32,0xa9e72fb863cab3de32e68b9f990d3f894d7fa9e1
4323,32,0x453b9325d50b48862acc7b46fdd53a3074bebe1f
4324,32,0x453b9325d50b48862acc7b46fdd53a3074bebe1f
4327,16,0xfccdcdb6ae0e5820b21c98d323c1340fcce63cae
4347,32,0xdac4c0c7c0fe9890b08ac59bddb3bb96ec098992
4348,32,0xdac4c0c7c0fe9890b08ac59bddb3bb96ec098992
4355,32,0x1b6aa1020730c9c7b158e05d74f390a16140cc27
4356,32,0x1b6aa1020730c9c7b158e05d74f390a16140cc27
4357,32,0x898b624d296f0af1bcb2853065b1ac151ebc1ccc
4358,16,0xdf087c9fe7f42e45b66fa22be028ad50e4c90234
4366,32,0x6e0c839df4600dd5087d8a2a54b0798179ee4ed4
4367,32,0xdac4c0c7c0fe9890b08ac59bddb3bb96ec098992
4369,32,0xdac4c0c7c0fe9890b08ac59bddb3bb96ec098992
4373,16,0xab0a2fc0747c9a7f12f968739da737dab4bdfbe7
4384,32,0xab0dee2006c7d84330b95cfa7c38da4307dfd74e
4385,32,0xab0dee2006c7d84330b95cfa7c38da4307dfd74e
4388,32,0x2897220823965b28bcb9d7fb3a215be633e377b4
4389,16,0x255a61b9c585f2ced567e2161eb0b764fcc3b81d
4391,16,0x61ff13f129a96d2d229d37a0531979852945433a
4399,16,0x266f7fcf4a989f4799dd8e10872a5b39a91ca0dd
4400,16,0x28bf7de4c3b52975d36a55c1f7ccb6af131efa83
4437,32,0xdac4c0c7c0fe9890b08ac59bddb3bb96ec098992
4442,32,0xea5f4f4440ff3cc417d09b43d6f8da1f14175846
4443,16,0x7201ad662c2f3808fc364ee62b9b31a6d8053ed4
4446,32,0x7437c58c207be117920a2ea57f5a4924385b5ad9
4449,32,0x2107e16ff4cfa1a48b2b7e2e2dc78c2b3d2345a0
4458,32,0x0c844ba95ee1d4a7c54ef35435775e2d5bd2a3d6
4478,16,0xdbd3e0ec8aee886c17e5f4ae61b59089b389d0f6
4482,32,0xdac4c0c7c0fe9890b08ac59bddb3bb96ec098992
4484,32,0x64e82481e17a2803e4a4e7fea72d841c2e7e00ff
4485,32,0xdac4c0c7c0fe9890b08ac59bddb3bb96ec098992
4486,32,0xdac4c0c7c0fe9890b08ac59bddb3bb96ec098992
4487,32,0xfccdcdb6ae0e5820b21c98d323c1340fcce63cae
4491,16,0x19f334f9ff4e6fec21601c46b22e96ad040edcec
4495,16,0x3e57efef507b4db7acfa2ee79ceca6b19e18d106
4496,32,0x7ee3f414a79611d0ffeecba3db6defba70c8e10c
4508,32,0xd7d94560bd42c0f9770938c4772e44e856bac27a
4512,32,0xeec6d9ce9bb491f8843431a86cf24718b5e6b560
4533,32,0xdf087c9fe7f42e45b66fa22be028ad50e4c90234
4534,32,0xa28ef9ab58ae6d14c23f8855852346c9510e49a3
4537,32,0x0be708eafc31a270707f8b8a4ac0259b54b4740f
4538,32,0x898b624d296f0af1bcb2853065b1ac151ebc1ccc
4547,32,0x4c1ad1644bd23876031573fa3bae26cd35e4ee41
4548,32,0x4c1ad1644bd23876031573fa3bae26cd35e4ee41
4557,16,0xcc2c8d8f1866fc01e2d04cf69d5aa4bb15d3a7cf
4559,32,0x18f6de4643248aa65a090c1d3546ec7a9eb5cdc6
4560,32,0x18f6de4643248aa65a090c1d3546ec7a9eb5cdc6
4592,32,0x34f3133a2207262f2a15ba6b9a0687ced5714188
4617,32,0xe9ca01dbfaeda9ed9a0591400ae168719287e0ac
4620,16,0x9c421d817d620c80cdbe65919d2441ff3560a640
5650,32,0x898b624d296f0af1bcb2853065b1ac151ebc1ccc
5651,16,0x76ebbcee3c5d61a528b562091f49837e8cbda1fa
5678,32,0x331ffd517d86c19e0e1b25b98d2d423c00809283
5679,32,0x331ffd517d86c19e0e1b25b98d2d423c00809283
5705,32,0x0064c1608efa188c7e51bbf1cd914e16f9807ba4
5739,32,0x19c47b6bf29cab375a11b0138dba57e0e484fbdc
5757,32,0xfccdcdb6ae0e5820b21c98d323c1340fcce63cae
5765,32,0x46a84bc3c1cfb5c77916f059e28d41de928f24d0
5793,32,0x6e0c839df4600dd5087d8a2a54b0798179ee4ed4
5801,16,0x7e222f65ab279507b4124ba450f13f9758212d42
5805,32,0x0e9890b4bfdce2088be85934661b19efe367d3c2
5811,32,0x87f4c743c2a1323a88855f2db61ec1eea651ca2e
5830,32,0xab0dee2006c7d84330b95cfa7c38da4307dfd74e
5837,32,0x06a30395353d7d3742e49bf69fd25fdf69a131c8
5850,32,0x6e0c839df4600dd5087d8a2a54b0798179ee4ed4
5858,16,0x05d93ec016c4ae7a653fe79e6da7746073afb94f
5859,16,0xab0a2fc0747c9a7f12f968739da737dab4bdfbe7
5860,32,0x898b624d296f0af1bcb2853065b1ac151ebc1ccc
5871,32,0x898b624d296f0af1bcb2853065b1ac151ebc1ccc
5872,32,0x898b624d296f0af1bcb2853065b1ac151ebc1ccc
5899,16,0x31031eeaaedd39ed8b06deca903cc7102678df80
5915,32,0x55be9cb776a3d4722b9da3b833c247a82ce6d151
5916,32,0x55be9cb776a3d4722b9da3b833c247a82ce6d151
5917,16,0x3e57efef507b4db7acfa2ee79ceca6b19e18d106
5922,16,0x25f61313de89c6effded2dbcdf6082547b5d8a53
5923,32,0xdbd3e0ec8aee886c17e5f4ae61b59089b389d0f6
5942,32,0x05d93ec016c4ae7a653fe79e6da7746073afb94f
5960,32,0x2f923012fc0733e9c12e5547ff170c890b5684bb
5961,32,0x2f923012fc0733e9c12e5547ff170c890b5684bb
5963,32,0x34f3133a2207262f2a15ba6b9a0687ced5714188
5966,32,0x898b624d296f0af1bcb2853065b1ac151ebc1ccc
5968,32,0x05d93ec016c4ae7a653fe79e6da7746073afb94f
5970,16,0x28ce5479a8fc3194ff1f24478e5f733a4b8afd39
5971,32,0x366401d0c187eb5194488cbcf4ff7ebe6b8b221f
5984,32,0x7dc2df69c7ad04cf7e7a0fc77dcb125e1fa5d160
5992,32,0x07427c476501e03b1802541625cefd1df24484d2
6001,16,0x28ce5479a8fc3194ff1f24478e5f733a4b8afd39
6009,16,0x92373997819b0e4529be7988eea4bedd4d276f74
6010,32,0xab0dee2006c7d84330b95cfa7c38da4307dfd74e
6013,32,0xfccdcdb6ae0e5820b21c98d323c1340fcce63cae
6018,16,0xd1e03e39b374de47c485f16ad6b9b5474c0ee013
6030,32,0x06b181369289d8ce2643b8a0f4758f70d8446d79
6032,16,0x3082c1e9bc764b7fab74415e70e595faceddd16f
6038,32,0x5572d2b679481f68680506b39043e253a5bb35fe
6055,16,0x1c65b333dfb1acc18c96fc5469040b222dbe548a
6059,32,0x82636b0d51ed02132d445d3c32a57280a0625053
6060,32,0x82636b0d51ed02132d445d3c32a57280a0625053
6064,32,0x898b624d296f0af1bcb2853065b1ac151ebc1ccc
6078,32,0x5e71dce31312ecf6110e552c8d8a5fe34cd6c8dd
6083,32,0x87f4c743c2a1323a88855f2db61ec1eea651ca2e
6085,16,0x6e0c839df4600dd5087d8a2a54b0798179ee4ed4
6098,32,0x85634f89a8fbf48d166fbe001477d194c6367b55
6099,32,0x85634f89a8fbf48d166fbe001477d194c6367b55
6108,32,0xda1e9c631ace798036d2650f0283e63bc546f213
6111,32,0xdba6aee7c7fdecb323d0fdef1900fc99d76ffc38
6112,32,0xdba6aee7c7fdecb323d0fdef1900fc99d76ffc38
6113,32,0x81cde0b4614acd0c34b9508662bc4d5889bdb68d
6126,32,0xdf087c9fe7f42e45b66fa22be028ad50e4c90234
6127,16,0x202c05cf01d9db2b44b50ba7827a001755305591
6172,32,0x5778ea2b2f688b604413ba839d0cb64ecccd1f47
6173,32,0x7b1f79c6a5bc1482b3b9fe81ad993c3b5e652bb0
6176,32,0xdba6aee7c7fdecb323d0fdef1900fc99d76ffc38
6177,32,0xdba6aee7c7fdecb323d0fdef1900fc99d76ffc38
6231,32,0xda1e9c631ace798036d2650f0283e63bc546f213
6232,32,0x92373997819b0e4529be7988eea4bedd4d276f74
6233,32,0x6e0c839df4600dd5087d8a2a54b0798179ee4ed4
6258,32,0x122a4dd4b8b95b36f3987055f7d52d16589299d1
6259,32,0xab0dee2006c7d84330b95cfa7c38da4307dfd74e
6260,32,0x3f0d25530dca5db3ed28f92297259d8519a87902
6274,32,0xec92d566ce3a662f03af304c3dd5a7961fa5dc59
6283,32,0x1891c5f6e7a566b2d8017573a807c14678a005af
6284,32,0x1891c5f6e7a566b2d8017573a807c14678a005af
6292,32,0x0be708eafc31a270707f8b8a4ac0259b54b4740f
6300,32,0x1891c5f6e7a566b2d8017573a807c14678a005af
6301,32,0x1891c5f6e7a566b2d8017573a807c14678a005af
6302,32,0xec59f968352afc57c2562a5ba64cd2dcddbdbcd6
6303,32,0xec59f968352afc57c2562a5ba64cd2dcddbdbcd6
6310,32,0x898b624d296f0af1bcb2853065b1ac151ebc1ccc
6314,32,0x898b624d296f0af1bcb2853065b1ac151ebc1ccc
6315,16,0x3e57efef507b4db7acfa2ee79ceca6b19e18d106
6321,32,0x898b624d296f0af1bcb2853065b1ac151ebc1ccc
6331,32,0x7a5258e40c6ee050b5cab6846310284a9727dad1
6332,32,0x898b624d296f0af1bcb2853065b1ac151ebc1ccc
6335,32,0x898b624d296f0af1bcb2853065b1ac151ebc1ccc
6336,32,0x46c6b56ec3815c15ebbd9e0a5a17996bc9db2ccf
6348,16,0x0a72b56ce331cf97b9c693a08dce49a9566753b1
6354,32,0xc0385c781b2f35ae0ba54c2948f4c23afa3bb954
6359,32,0x985354a689a962c28bc171567082d7092afd80c0
6360,32,0x985354a689a962c28bc171567082d7092afd80c0
6361,32,0xdf087c9fe7f42e45b66fa22be028ad50e4c90234
6365,32,0x985354a689a962c28bc171567082d7092afd80c0
6366,32,0x985354a689a962c28bc171567082d7092afd80c0
6367,32,0xc2ba2b009a9a8f12fdabed184412120fb072d620
6374,32,0x985354a689a962c28bc171567082d7092afd80c0
6375,32,0x985354a689a962c28bc171567082d7092afd80c0
6376,16,0x0a72b56ce331cf97b9c693a08dce49a9566753b1
6380,16,0xd9fa0b8012635ca75490852081c3873b0c65cf8f
6381,32,0xe9e83bf030b64692871bde79b0470d9e8894a450
6382,32,0x985354a689a962c28bc171567082d7092afd80c0
6383,32,0x985354a689a962c28bc171567082d7092afd80c0
6385,32,0x410a20d45edbb4415a5981be8d559676b8100e57
6386,16,0x3cf06b1739f5ad0ee16f44f17f20acb06d387fd1
6387,32,0xda1e9c631ace798036d2650f0283e63bc546f213
6391,32,0x985354a689a962c28bc171567082d7092afd80c0
6392,32,0x985354a689a962c28bc171567082d7092afd80c0
6394,32,0x410a20d45edbb4415a5981be8d559676b8100e57
6399,32,0xfc7e814e59988ebba857b51d2c60414b25f364fb
6400,16,0x18f6de4643248aa65a090c1d3546ec7a9eb5cdc6
6401,32,0x985354a689a962c28bc171567082d7092afd80c0
6402,32,0x985354a689a962c28bc171567082d7092afd80c0
6407,32,0x985354a689a962c28bc171567082d7092afd80c0
6408,32,0x985354a689a962c28bc171567082d7092afd80c0
6410,32,0x0a72b56ce331cf97b9c693a08dce49a9566753b1
6412,16,0x3e57efef507b4db7acfa2ee79ceca6b19e18d106
6413,32,0x9022925256fc6a2d18e56bd2d28f5c1d66573727
6415,32,0x05d93ec016c4ae7a653fe79e6da7746073afb94f
6416,32,0x05d93ec016c4ae7a653fe79e6da7746073afb94f
6423,32,0x985354a689a962c28bc171567082d7092afd80c0
6424,32,0x985354a689a962c28bc171567082d7092afd80c0
6427,32,0x8f38f98e14b0ca08bf91acdc0a9cd18404c28070
6428,32,0x8f38f98e14b0ca08bf91acdc0a9cd18404c28070
6435,32,0x985354a689a962c28bc171567082d7092afd80c0
6436,32,0x985354a689a962c28bc171567082d7092afd80c0
6447,32,0x06b181369289d8ce2643b8a0f4758f70d8446d79
6465,32,0xcee0c9022120a24c720516247c8118c7be175ae8
6466,32,0xcee0c9022120a24c720516247c8118c7be175ae8
6478,32,0x46a84bc3c1cfb5c77916f059e28d41de928f24d0
6482,32,0x81fb39e2676cb0dd164d1ea1d17fa3aafdfdf2fc
6492,32,0x49a456fe253d8a423b3d22a428085d9096f3fe61
6514,32,0x898b624d296f0af1bcb2853065b1ac151ebc1ccc
6530,16,0x76ebbcee3c5d61a528b562091f49837e8cbda1fa
6541,32,0x117fff76beff447cd2e64830062beb90e4bbc1e2
6558,32,0x49a456fe253d8a423b3d22a428085d9096f3fe61
6562,32,0xc8cf76f9d18aec4e18b8401af40a5d9ab8f901d2
6564,32,0xac04bd6f87ac7792b2746c6b7a897b38dc54caeb
6571,16,0xb0030f96a205e89817e68520838fd2b8401cfc1c
6578,32,0x5f447199987971edb01e358cf67f390df9e75237
6594,32,0x898b624d296f0af1bcb2853065b1ac151ebc1ccc
6614,32,0x89a80a410b1a0fcc91eda1fc8a4f7245ca183b6f
6623,16,0x49a456fe253d8a423b3d22a428085d9096f3fe61
6659,32,0x3e7b7fe411bf7ce14ed1922ec282f07eff6c39ea
6699,32,0xeec6d9ce9bb491f8843431a86cf24718b5e6b560
6744,32,0x898b624d296f0af1bcb2853065b1ac151ebc1ccc
6749,32,0xc0385c781b2f35ae0ba54c2948f4c23afa3bb954
6797,32,0xfccdcdb6ae0e5820b21c98d323c1340fcce63cae
6800,32,0xab0dee2006c7d84330b95cfa7c38da4307dfd74e
6802,32,0xdac4c0c7c0fe9890b08ac59bddb3bb96ec098992
6804,32,0x09d944ed97cb27a809c0d253dce0df3f5140a37d
6805,32,0x09d944ed97cb27a809c0d253dce0df3f5140a37d
6810,16,0xe224a464e5b021636474a89c5b4bcb46dbd1da25
6914,32,0xdba6aee7c7fdecb323d0fdef1900fc99d76ffc38
6915,32,0xdba6aee7c7fdecb323d0fdef1900fc99d76ffc38
7029,16,0xeab213b4989e3d2645d807440016863259baa74a
7130,32,0x898b624d296f0af1bcb2853065b1ac151ebc1ccc
7132,32,0x25c53e7da97cddb8f7943fba9f9ff569b84a261a
7133,32,0x898b624d296f0af1bcb2853065b1ac151ebc1ccc
7545,32,0x898b624d296f0af1bcb2853065b1ac151ebc1ccc
7555,32,0x61c1c756b211fd9f5b18c66dbfa5ee99076c6085
7814,32,0x898b624d296f0af1bcb2853065b1ac151ebc1ccc
8167,32,0x379d7624d08bd598f2353b7a38b0be708a85227d
8472,32,0xfccdcdb6ae0e5820b21c98d323c1340fcce63cae
8544,16,0xc70fe10cdf99151ffe9b2e24ee1da97fb780714b
8553,16,0xdf0b4c9e1b3b3b83bebc12489a3fa630d91d4c6e