wallet,moca_id,moca_xp
0x164d07b530fe1a1fb6cb7b055331405c62aae5f3,2847,16
0xc5ab28e4d8f52b1c8b74bde6f18737e79dd9f6ce,3989,16
0x05d93ec016c4ae7a653fe79e6da7746073afb94f,1643,16
0x05d93ec016c4ae7a653fe79e6da7746073afb94f,1644,16
0x05d93ec016c4ae7a653fe79e6da7746073afb94f,2481,16
0x05d93ec016c4ae7a653fe79e6da7746073afb94f,5614,16
0x05d93ec016c4ae7a653fe79e6da7746073afb94f,5615,16
0x05d93ec016c4ae7a653fe79e6da7746073afb94f,5635,16
0x05d93ec016c4ae7a653fe79e6da7746073afb94f,5942,16
0x05d93ec016c4ae7a653fe79e6da7746073afb94f,5968,16
0x05d93ec016c4ae7a653fe79e6da7746073afb94f,6415,16
0x05d93ec016c4ae7a653fe79e6da7746073afb94f,6416,16
0x45c9235209a06bf8c8596c00b2934cf5aade091e,1097,16
0x45c9235209a06bf8c8596c00b2934cf5aade091e,1098,16
0x45c9235209a06bf8c8596c00b2934cf5aade091e,1476,16
0x45c9235209a06bf8c8596c00b2934cf5aade091e,1639,16
0x45c9235209a06bf8c8596c00b2934cf5aade091e,2759,16
0x45c9235209a06bf8c8596c00b2934cf5aade091e,2855,16
0x6313d7948d3491096ffe00dea2d246d588b4d4fc,1018,16
0x6313d7948d3491096ffe00dea2d246d588b4d4fc,2514,16
0x6313d7948d3491096ffe00dea2d246d588b4d4fc,3209,16
0x5181ae48545635d29113e13ebac0e7b8779c53ec,3399,16
0x5307da2782c2641180abd2b92b647c4245ea65c7,1300,16
0x852344da4d2c1a387444775a4e65b7b49815048a,6750,16
0x5b0ce600919303b9b733e23020c834909f290fd3,3804,16
0x35ea7ab835c69893f2344121a3af0d982c2ef9c4,3663,16
0x35ea7ab835c69893f2344121a3af0d982c2ef9c4,3664,16
0x9fed225115a1374c7f0faef307d471c80fff1893,5495,16
0x9fed225115a1374c7f0faef307d471c80fff1893,5496,16
0xc28504f2fa279d34fdbe65b26eaada5eb6a220bc,3716,16
0xae62952bc055c25380baea2f31a10c4d260851aa,1480,16
0xae62952bc055c25380baea2f31a10c4d260851aa,1481,16
0x32cb344d193c46da6e2cabaced879b1db3768499,2132,16
0x32cb344d193c46da6e2cabaced879b1db3768499,2133,16
0x06a30395353d7d3742e49bf69fd25fdf69a131c8,5837,16
0xd0a2f14423ede2df5fe66b61419858c8e3bab3a1,5955,16
0x02d15a4f1896c88855edbafa709fc47178482591,1268,16
0x8f38f98e14b0ca08bf91acdc0a9cd18404c28070,6427,16
0x8f38f98e14b0ca08bf91acdc0a9cd18404c28070,6428,16
0xe23897619e6669836d2fbd1595f0119b93fded5d,2098,16
0x760713d02bc8810c80e07302b8e62a660d5a04a8,1902,16
0x760713d02bc8810c80e07302b8e62a660d5a04a8,2080,16
0x760713d02bc8810c80e07302b8e62a660d5a04a8,2480,16
0x760713d02bc8810c80e07302b8e62a660d5a04a8,2683,16
0x760713d02bc8810c80e07302b8e62a660d5a04a8,2969,16
0x760713d02bc8810c80e07302b8e62a660d5a04a8,3154,16
0x760713d02bc8810c80e07302b8e62a660d5a04a8,3155,16
0x760713d02bc8810c80e07302b8e62a660d5a04a8,3286,16
0x760713d02bc8810c80e07302b8e62a660d5a04a8,3287,16
0x760713d02bc8810c80e07302b8e62a660d5a04a8,5573,16
0x77a8703db1aeee04405f8a37fde59f669adfa429,1181,16
0x77a8703db1aeee04405f8a37fde59f669adfa429,1182,16
0x77a8703db1aeee04405f8a37fde59f669adfa429,4243,16
0x77a8703db1aeee04405f8a37fde59f669adfa429,6570,16
0x2684da0d2e5c1d1dfeaa8048b4dd7400b4605bf7,1419,16
0x2eb506d25cd53a205cdc0c94d4a6aa71624f3a89,2458,16
0x2eb506d25cd53a205cdc0c94d4a6aa71624f3a89,2459,16
0x2eb506d25cd53a205cdc0c94d4a6aa71624f3a89,2513,16
0x2eb506d25cd53a205cdc0c94d4a6aa71624f3a89,3829,16
0x1684be2eaddfa77387c25402bc83f0b6441cf02d,3971,16
0xc70fe10cdf99151ffe9b2e24ee1da97fb780714b,1781,16
0x4c339ba83562a1ab6e7ce1b9d2668197e2e35153,6351,16
0xc3bb69535780767d2b641073d399546f7098b9c9,1732,16
0xf72ccff19ad94a6ecb096ddf8c35c7ff6fab7c28,3175,16
0x89d5ac566d4d0bf14dad8b0531dd4b3de47f9424,1198,16
0x985354a689a962c28bc171567082d7092afd80c0,2134,16
0x985354a689a962c28bc171567082d7092afd80c0,3066,16
0x985354a689a962c28bc171567082d7092afd80c0,6365,16
0x985354a689a962c28bc171567082d7092afd80c0,6366,16
0x8fe7d3a69c9c28817f51d79952364c9fa3faab83,3108,16
0xe892b432b226f6edefc362761076c9c36fe6c74e,1290,16
0xe892b432b226f6edefc362761076c9c36fe6c74e,3283,16
0x793df8014eaf918924006a4c7fc2999c643c0e9d,3532,16
0xefbc53e0afdc9f649bc1ab692461df57e70a560f,2547,16
0xefbc53e0afdc9f649bc1ab692461df57e70a560f,2548,16
0x63a66304249acebcbda059f6589eb46d442d92a5,1271,16
0x63a66304249acebcbda059f6589eb46d442d92a5,6689,16
0x2c36342035a60481de948d5cf869a69794fad731,3887,16
0xea5f4f4440ff3cc417d09b43d6f8da1f14175846,3020,16
0xea5f4f4440ff3cc417d09b43d6f8da1f14175846,3599,16
0xea5f4f4440ff3cc417d09b43d6f8da1f14175846,4442,16
0xb7162dd79c1f0802d1b4826ac06dad4359bc3aa2,1273,16
0xba1d5693c869a3754f5e57dd7c336dabe35ab878,2717,16
0xba1d5693c869a3754f5e57dd7c336dabe35ab878,2718,16
0xba1d5693c869a3754f5e57dd7c336dabe35ab878,2719,16
0xba1d5693c869a3754f5e57dd7c336dabe35ab878,2720,16
0xba1d5693c869a3754f5e57dd7c336dabe35ab878,5286,16
0xba1d5693c869a3754f5e57dd7c336dabe35ab878,5287,16
0x34f3133a2207262f2a15ba6b9a0687ced5714188,1784,16
0x34f3133a2207262f2a15ba6b9a0687ced5714188,1785,16
0x34f3133a2207262f2a15ba6b9a0687ced5714188,4592,16
0x34f3133a2207262f2a15ba6b9a0687ced5714188,5963,16
0x76ebbcee3c5d61a528b562091f49837e8cbda1fa,5651,16
0xdf5569a35e391e7093ca75c84e840220556ed483,5273,16
0xdf5569a35e391e7093ca75c84e840220556ed483,5274,16
0x28ce5479a8fc3194ff1f24478e5f733a4b8afd39,5091,16
0x28ce5479a8fc3194ff1f24478e5f733a4b8afd39,6001,16
0xde9991ec0533e2c874cc9298097e9cf5db523f76,1976,16
0xde9991ec0533e2c874cc9298097e9cf5db523f76,2438,16
0x66362b929c1a9aaf14c51aab9b455ad7fb8268c4,1216,16
0x66362b929c1a9aaf14c51aab9b455ad7fb8268c4,1236,16
0x66362b929c1a9aaf14c51aab9b455ad7fb8268c4,1683,16
0x66362b929c1a9aaf14c51aab9b455ad7fb8268c4,4616,16
0x66362b929c1a9aaf14c51aab9b455ad7fb8268c4,6454,16
0x66362b929c1a9aaf14c51aab9b455ad7fb8268c4,6455,16
0xd06ea3a796ccbf3d510c83b95d9baf80031b9e7b,3032,16
0xfe832f1c10be7f5f0eac4e3f2d272d6ff89b219a,3773,16
0x7ddcc1708eba863302230d0f3765f826703ce4ae,5174,16
0x994ef02a38df2906888f25ff569dd555ec9402f8,2001,16
0x994ef02a38df2906888f25ff569dd555ec9402f8,2002,16
0x62763a0d45eb16efe2b9f2f30743be0e6ec3a207,1432,16
0x7af28981429bfaa8084d89b7f9336d16755fd71c,1512,16
0x7af28981429bfaa8084d89b7f9336d16755fd71c,1513,16
0xb893ae8a1824604f6df4dfde52e2754921ba1a73,2525,16
0x169f49f813a5c733c08cbc5d225a2d74a28d143c,1764,16
0x169f49f813a5c733c08cbc5d225a2d74a28d143c,1765,16
0xa78c15dcbfab02578e419e9d0a30c0aff06aa10d,1002,16
0xa78c15dcbfab02578e419e9d0a30c0aff06aa10d,1511,16
0xa78c15dcbfab02578e419e9d0a30c0aff06aa10d,1990,16
0xa78c15dcbfab02578e419e9d0a30c0aff06aa10d,4124,16
0xa78c15dcbfab02578e419e9d0a30c0aff06aa10d,4845,16
0xa78c15dcbfab02578e419e9d0a30c0aff06aa10d,5592,16
0xa78c15dcbfab02578e419e9d0a30c0aff06aa10d,5793,16
0xa78c15dcbfab02578e419e9d0a30c0aff06aa10d,5850,16
0xa78c15dcbfab02578e419e9d0a30c0aff06aa10d,6093,16
0xa78c15dcbfab02578e419e9d0a30c0aff06aa10d,6228,16
0xa78c15dcbfab02578e419e9d0a30c0aff06aa10d,6232,16
0xa78c15dcbfab02578e419e9d0a30c0aff06aa10d,6233,16
0xbd1cc7c77fc8e1171c2f0666835e1dcb8462ae68,1041,16
0xbd1cc7c77fc8e1171c2f0666835e1dcb8462ae68,1042,16
0x2f7a721c59e23d27cf93abb1f3c018b8c3de91e2,1949,16
0x2f7a721c59e23d27cf93abb1f3c018b8c3de91e2,2531,16
0x2f7a721c59e23d27cf93abb1f3c018b8c3de91e2,2532,16
0x2f7a721c59e23d27cf93abb1f3c018b8c3de91e2,2574,16
0x2f7a721c59e23d27cf93abb1f3c018b8c3de91e2,2575,16
0x2f7a721c59e23d27cf93abb1f3c018b8c3de91e2,2809,16
0x2f7a721c59e23d27cf93abb1f3c018b8c3de91e2,2810,16
0x2f7a721c59e23d27cf93abb1f3c018b8c3de91e2,2916,16
0x2f7a721c59e23d27cf93abb1f3c018b8c3de91e2,3015,16
0x2f7a721c59e23d27cf93abb1f3c018b8c3de91e2,3016,16
0x2f7a721c59e23d27cf93abb1f3c018b8c3de91e2,3041,16
0x2f7a721c59e23d27cf93abb1f3c018b8c3de91e2,3042,16
0x2f7a721c59e23d27cf93abb1f3c018b8c3de91e2,3087,16
0x2f7a721c59e23d27cf93abb1f3c018b8c3de91e2,3088,16
0x2f7a721c59e23d27cf93abb1f3c018b8c3de91e2,3142,16
0x2f7a721c59e23d27cf93abb1f3c018b8c3de91e2,3143,16
0x2f7a721c59e23d27cf93abb1f3c018b8c3de91e2,3156,16
0x2f7a721c59e23d27cf93abb1f3c018b8c3de91e2,3157,16
0x2f7a721c59e23d27cf93abb1f3c018b8c3de91e2,3226,16
0x2f7a721c59e23d27cf93abb1f3c018b8c3de91e2,3227,16
0x2f7a721c59e23d27cf93abb1f3c018b8c3de91e2,3561,16
0x2f7a721c59e23d27cf93abb1f3c018b8c3de91e2,3811,16
0x2f7a721c59e23d27cf93abb1f3c018b8c3de91e2,3812,16
0x2f7a721c59e23d27cf93abb1f3c018b8c3de91e2,4272,16
0x2f7a721c59e23d27cf93abb1f3c018b8c3de91e2,4273,16
0x2f7a721c59e23d27cf93abb1f3c018b8c3de91e2,4520,16
0x2f7a721c59e23d27cf93abb1f3c018b8c3de91e2,5262,16
0x2f7a721c59e23d27cf93abb1f3c018b8c3de91e2,5552,16
0x2f7a721c59e23d27cf93abb1f3c018b8c3de91e2,5571,16
0x2f7a721c59e23d27cf93abb1f3c018b8c3de91e2,5623,16
0x2f7a721c59e23d27cf93abb1f3c018b8c3de91e2,5636,16
0x2f7a721c59e23d27cf93abb1f3c018b8c3de91e2,5637,16
0x2f7a721c59e23d27cf93abb1f3c018b8c3de91e2,5776,16
0x2f7a721c59e23d27cf93abb1f3c018b8c3de91e2,5849,16
0x2f7a721c59e23d27cf93abb1f3c018b8c3de91e2,5878,16
0x2f7a721c59e23d27cf93abb1f3c018b8c3de91e2,6046,16
0x2f7a721c59e23d27cf93abb1f3c018b8c3de91e2,6079,16
0x2f7a721c59e23d27cf93abb1f3c018b8c3de91e2,6129,16
0x2f7a721c59e23d27cf93abb1f3c018b8c3de91e2,6437,16
0x2f7a721c59e23d27cf93abb1f3c018b8c3de91e2,6619,16
0xe00387872306e8dcc82572a7759a17bf11a1cf7c,1072,16
0xe00387872306e8dcc82572a7759a17bf11a1cf7c,2242,16
0x0a72b56ce331cf97b9c693a08dce49a9566753b1,1836,16
0x0a72b56ce331cf97b9c693a08dce49a9566753b1,2587,16
0x0a72b56ce331cf97b9c693a08dce49a9566753b1,2800,16
0x0a72b56ce331cf97b9c693a08dce49a9566753b1,3186,16
0x0a72b56ce331cf97b9c693a08dce49a9566753b1,3715,16
0x0a72b56ce331cf97b9c693a08dce49a9566753b1,3964,16
0x0a72b56ce331cf97b9c693a08dce49a9566753b1,5313,16
0x0a72b56ce331cf97b9c693a08dce49a9566753b1,6410,16
0xbd23d74267fccbd3496db251692ff598dd89d5af,1509,16
0xbd23d74267fccbd3496db251692ff598dd89d5af,3194,16
0xbd23d74267fccbd3496db251692ff598dd89d5af,4773,16
0xbd23d74267fccbd3496db251692ff598dd89d5af,6085,16
0xc99b9d4bbb924e3dec23db4a65cadd250845e8db,5978,16
0xc99b9d4bbb924e3dec23db4a65cadd250845e8db,5979,16
0x08318608eb8345cc899699ed978b2e9a76690198,1830,16
0x8a44382e374a95474e61d006c4c8c819cfcd4ccf,4222,16
0x2f7ddabb6ae1f06ff4de77b5cc137779e19d5be0,3123,16
0x2f7ddabb6ae1f06ff4de77b5cc137779e19d5be0,5578,16
0x4b864ba79b8ddb259dc3a74b901218a7eaaf1bd5,1842,16
0x43853aede65371186eac37a91e9e163724aeddcc,3056,16
0xbf2c11f61c4a005028a68fe6672c81fa3318418e,3803,16
0xab3ec2f97121fc16ddab7e3dc8956fe4907dc242,1544,16
0x98e21d5cff3d839ead33f0b9c25e63ca1f4ff34d,1081,16
0x98e21d5cff3d839ead33f0b9c25e63ca1f4ff34d,3632,16
0x543e2106806e08c8b34d96aaad6b56392a4ac681,1197,16
0x27c5deca8324cc6e9332db95defa1a951f29452a,3370,16
0xe672334b5d755b95a9ac306dd9da84ec76909e0d,3559,16
0xfa04e6aa48cc3888d40a3152ff479c76d2b7c7ec,3369,16
0xad990b2d8f63cef4de48d9b685c3a712b621be3e,1762,16
0xc886db8b8cd260f5ee38ba3d8f8e9324ee27ea33,1046,16
0xc886db8b8cd260f5ee38ba3d8f8e9324ee27ea33,1709,16
0xc886db8b8cd260f5ee38ba3d8f8e9324ee27ea33,1808,16
0xc886db8b8cd260f5ee38ba3d8f8e9324ee27ea33,2656,16
0xc886db8b8cd260f5ee38ba3d8f8e9324ee27ea33,4635,16
0xc886db8b8cd260f5ee38ba3d8f8e9324ee27ea33,5923,16
0x2f3cceb1bdf9faf0d79499a3d2c0cdfc806ffa80,1217,16
0x2f3cceb1bdf9faf0d79499a3d2c0cdfc806ffa80,1218,16
0x9bc6a425d0d5fea6005400052ee679b30b1e2dee,1356,16
0xc74c6a964dc87eff0c8aedf890ab6fbf22db5141,5985,16
0xcc2c8d8f1866fc01e2d04cf69d5aa4bb15d3a7cf,1466,16
0xcc2c8d8f1866fc01e2d04cf69d5aa4bb15d3a7cf,2222,16
0xcc2c8d8f1866fc01e2d04cf69d5aa4bb15d3a7cf,2224,16
0xcc2c8d8f1866fc01e2d04cf69d5aa4bb15d3a7cf,2227,16
0xcc2c8d8f1866fc01e2d04cf69d5aa4bb15d3a7cf,2228,16
0xcc2c8d8f1866fc01e2d04cf69d5aa4bb15d3a7cf,2229,16
0xcc2c8d8f1866fc01e2d04cf69d5aa4bb15d3a7cf,2234,16
0xcc2c8d8f1866fc01e2d04cf69d5aa4bb15d3a7cf,2763,16
0xcc2c8d8f1866fc01e2d04cf69d5aa4bb15d3a7cf,3293,16
0xcc2c8d8f1866fc01e2d04cf69d5aa4bb15d3a7cf,4840,16
0x654b83e33d22706f89f465818442b05f0b637c02,1887,16
0x1579d939f6870a6fdc442aa7abd2dc2bee74a77c,5194,16
0x9415098fc6684f2ef80730419ec54999c5c84825,2695,16
0x668df49e79e6a828b27f455297291a8bd2fe0531,1406,16
0x9468c2c628de0b30d58c9b2cbc17110a3934b87d,2926,16
0x666666666a1805f962c8bbceb0a000085ee1bbda,1493,16
0xb2504216390fb24b15d1fc403675c8dd1aab7747,1125,16
0xb2504216390fb24b15d1fc403675c8dd1aab7747,1224,16
0xb2504216390fb24b15d1fc403675c8dd1aab7747,1274,16
0xb2504216390fb24b15d1fc403675c8dd1aab7747,1843,16
0xb2504216390fb24b15d1fc403675c8dd1aab7747,2044,16
0xb2504216390fb24b15d1fc403675c8dd1aab7747,2161,16
0xb2504216390fb24b15d1fc403675c8dd1aab7747,2346,16
0xb2504216390fb24b15d1fc403675c8dd1aab7747,2357,16
0xb2504216390fb24b15d1fc403675c8dd1aab7747,3918,16
0xb2504216390fb24b15d1fc403675c8dd1aab7747,4214,16
0xb2504216390fb24b15d1fc403675c8dd1aab7747,4916,16
0xb2504216390fb24b15d1fc403675c8dd1aab7747,4954,16
0xb2504216390fb24b15d1fc403675c8dd1aab7747,5017,16
0xb2504216390fb24b15d1fc403675c8dd1aab7747,5325,16
0x07d2b483a942341682633e1448d6630757fe2fd3,4103,16
0x11610d0bf661d3ccbb9493cf23184f68ecfe4783,1561,16
0x11610d0bf661d3ccbb9493cf23184f68ecfe4783,2068,16
0x11610d0bf661d3ccbb9493cf23184f68ecfe4783,3325,16
0x11610d0bf661d3ccbb9493cf23184f68ecfe4783,4007,16
0x11610d0bf661d3ccbb9493cf23184f68ecfe4783,4008,16
0x822e575c2319ce476bf97f21992ddf830bed377b,4204,16
0xf30af00022a1f415f736c981903fb1a67f6a7796,2032,16
0xb35d77527e9887f8343d7f44167a74ca06008c49,1253,16
0xb35d77527e9887f8343d7f44167a74ca06008c49,3085,16
0x6205c7c6114f90ec08054c00db958a90ab622c61,1550,16
0xc94a51c4e9dca45f9b402a0fe92699f2d83811da,6386,16
0x60eb0126437fa01c7d62eb26b7d9d55fff8c8e2e,3134,16
0x60eb0126437fa01c7d62eb26b7d9d55fff8c8e2e,3135,16
0x8118547d2f70f36e86c92aeba3c3fac4518d313c,5597,16
0x331e1ba82b52b88c5ac9f920be978b8f5c171d36,2561,16
0x331e1ba82b52b88c5ac9f920be978b8f5c171d36,2562,16
0x1891c5f6e7a566b2d8017573a807c14678a005af,6283,16
0x1891c5f6e7a566b2d8017573a807c14678a005af,6284,16
0x443f58dfff2322cdd13c2c3c673a877e387fa4cf,4168,16
0x56f4bafda4995eb850b63af1e64743f5d7f4cbad,5922,16
0xfa6b6986dac281789e6a990eaecd4c5e78b916be,996,16
0xee5e0d114c110ca0f4aa536d7294c3e66ea93ca1,6631,16
0x177821cbe97b3eb0a20de1fd534bc7160cbcd76e,1134,16
0x0955d592269f01376b73bc4a17f29452238f2bf5,6564,16
0xb44388e29abc09e79aab58e990a3d2b873677384,1827,16
0x0e9ee7843944b4481305219766f9f3748671d7a9,1524,16
0xbe949adac94b2a046b3e86a0c14ca69591c5621a,1149,16
0xbe949adac94b2a046b3e86a0c14ca69591c5621a,1150,16
0x152de7e9ad2a6fe37cc7d0495c01f98ebc667c85,6038,16
0xab0a2fc0747c9a7f12f968739da737dab4bdfbe7,960,16
0xab0a2fc0747c9a7f12f968739da737dab4bdfbe7,994,16
0xab0a2fc0747c9a7f12f968739da737dab4bdfbe7,1775,16
0xab0a2fc0747c9a7f12f968739da737dab4bdfbe7,2195,16
0xab0a2fc0747c9a7f12f968739da737dab4bdfbe7,4143,16
0xab0a2fc0747c9a7f12f968739da737dab4bdfbe7,4373,16
0x5e7fba8becafabbcbbad02674d41f9cd6a0d01d5,6245,16
0x1045a365e491cae755241eef520b2498dda336e1,1357,16
0x1045a365e491cae755241eef520b2498dda336e1,6225,16
0x47b6e4cefa215b4878d658d4d5b8a168ffe3e645,1207,16
0x47b6e4cefa215b4878d658d4d5b8a168ffe3e645,2312,16
0x47b6e4cefa215b4878d658d4d5b8a168ffe3e645,3326,16
0x47b6e4cefa215b4878d658d4d5b8a168ffe3e645,3844,16
0x0bee9f0c00487383741cc9087334268dd3094ce0,1545,16
0x0bee9f0c00487383741cc9087334268dd3094ce0,1546,16
0x604a78ae0d53041197b81c1bf78b86d894f94f8a,3173,16
0xcc0e876967c6f7d72162b489545fdab6f2b2f848,2679,16
0xcc0e876967c6f7d72162b489545fdab6f2b2f848,2680,16
0x07d5f53b68e772e98b732beb5116b4fd38261cbb,1404,16
0x1cd5c81f65c568a8e73473784c34964e2412b421,1012,16
0x1cd5c81f65c568a8e73473784c34964e2412b421,3233,16
0x1cd5c81f65c568a8e73473784c34964e2412b421,3597,16
0xebca4a15dfd8cb67da2823a322c8cf2ac86107a3,1463,16
0x2219d6b2c35a7f8f34d2b77ed7791c46eb852963,3290,16
0x2219d6b2c35a7f8f34d2b77ed7791c46eb852963,3291,16
0x290886a603bae5ed712128ea1fd2ebfaab0ad039,1431,16
0x290886a603bae5ed712128ea1fd2ebfaab0ad039,2007,16
0x290886a603bae5ed712128ea1fd2ebfaab0ad039,2008,16
0x290886a603bae5ed712128ea1fd2ebfaab0ad039,2529,16
0x290886a603bae5ed712128ea1fd2ebfaab0ad039,2530,16
0x290886a603bae5ed712128ea1fd2ebfaab0ad039,2971,16
0x290886a603bae5ed712128ea1fd2ebfaab0ad039,3388,16
0x290886a603bae5ed712128ea1fd2ebfaab0ad039,3411,16
0x290886a603bae5ed712128ea1fd2ebfaab0ad039,3412,16
0x290886a603bae5ed712128ea1fd2ebfaab0ad039,3414,16
0x290886a603bae5ed712128ea1fd2ebfaab0ad039,3441,16
0x290886a603bae5ed712128ea1fd2ebfaab0ad039,3499,16
0x290886a603bae5ed712128ea1fd2ebfaab0ad039,3500,16
0x290886a603bae5ed712128ea1fd2ebfaab0ad039,3592,16
0x290886a603bae5ed712128ea1fd2ebfaab0ad039,3605,16
0x290886a603bae5ed712128ea1fd2ebfaab0ad039,3606,16
0x290886a603bae5ed712128ea1fd2ebfaab0ad039,4105,16
0x290886a603bae5ed712128ea1fd2ebfaab0ad039,4347,16
0x290886a603bae5ed712128ea1fd2ebfaab0ad039,4348,16
0x290886a603bae5ed712128ea1fd2ebfaab0ad039,4366,16
0x290886a603bae5ed712128ea1fd2ebfaab0ad039,4367,16
0x290886a603bae5ed712128ea1fd2ebfaab0ad039,4369,16
0x290886a603bae5ed712128ea1fd2ebfaab0ad039,4930,16
0x290886a603bae5ed712128ea1fd2ebfaab0ad039,5757,16
0x290886a603bae5ed712128ea1fd2ebfaab0ad039,5830,16
0xe22a8b0fd4bf0a25b2af2f9ae0dbd7c5600e84a0,5105,16
0xa8a6547dbca41ec3e5115840870828a6509f7696,2938,16
0x0bd31f087f85de4a84a985c61501b69654595f5c,1394,16
0x8f59fa39d9612b0f8ea0d0d28961ec0d535f6799,2993,16
0x8f59fa39d9612b0f8ea0d0d28961ec0d535f6799,2994,16
0x22ac42bc3079bc52a0b4af56cca588026a664544,3053,16
0x22ac42bc3079bc52a0b4af56cca588026a664544,3054,16
0x5d399ac5289a991c9b6e3847c790175d28f0e275,2193,16
0xe30b76201bd9065facb9d11b8b94a3e743f71b37,1677,16
0xe30b76201bd9065facb9d11b8b94a3e743f71b37,1783,16
0xe30b76201bd9065facb9d11b8b94a3e743f71b37,2503,16
0xe30b76201bd9065facb9d11b8b94a3e743f71b37,4559,16
0xe30b76201bd9065facb9d11b8b94a3e743f71b37,4560,16
0xe30b76201bd9065facb9d11b8b94a3e743f71b37,6126,16
0xe30b76201bd9065facb9d11b8b94a3e743f71b37,6361,16
0x7201ad662c2f3808fc364ee62b9b31a6d8053ed4,1088,16
0x7201ad662c2f3808fc364ee62b9b31a6d8053ed4,1942,16
0x7201ad662c2f3808fc364ee62b9b31a6d8053ed4,2183,16
0x7201ad662c2f3808fc364ee62b9b31a6d8053ed4,2285,16
0x7201ad662c2f3808fc364ee62b9b31a6d8053ed4,2406,16
0xffc9a5ecf39dba2bf0b8b2c4d843bfd70b1a6082,2523,16
0xffc9a5ecf39dba2bf0b8b2c4d843bfd70b1a6082,3854,16
0xffc9a5ecf39dba2bf0b8b2c4d843bfd70b1a6082,7134,16
0xc5909003af98b7b2f0002c456353e3c1bd658fa0,4142,16
0xd92a6c5232119aa98ce1879fb2e57f2a95558474,1382,16
0xd92a6c5232119aa98ce1879fb2e57f2a95558474,1383,16
0x9352066838167139085f56d5770febf961a80b47,3613,16
0x9352066838167139085f56d5770febf961a80b47,6043,16
0x9352066838167139085f56d5770febf961a80b47,7135,16
0x151ecc8423efc2da8ac3ee70abff248d617e3100,3483,16
0x151ecc8423efc2da8ac3ee70abff248d617e3100,3484,16
0x8fc3f4559da4c68d460b78e9e1721a557632214a,3497,16
0xf5ad3d816c0a0e440881893185afd7eac04fb6e0,1889,16
0x03351328843940bb13b014d3acf3debf9fa75525,1866,16
0x03351328843940bb13b014d3acf3debf9fa75525,1867,16
0xe4bdc0ac1f315fa8bb01ba2d8b2e53e89c66f2cb,5886,16
0xb4c37c7ad3b83b66c4848d24f19a48aafff00d56,1327,16
0xb4c37c7ad3b83b66c4848d24f19a48aafff00d56,1328,16
0xb4c37c7ad3b83b66c4848d24f19a48aafff00d56,6462,16
0xbd5f8cd0a2d79376c06d0411cf4ac95a8028b014,1689,16
0xbd5f8cd0a2d79376c06d0411cf4ac95a8028b014,2286,16
0xbd5f8cd0a2d79376c06d0411cf4ac95a8028b014,2287,16
0x4f57b97c74d7d53f1456a274fcbeaa69549fd77c,3013,16
0x3e57efef507b4db7acfa2ee79ceca6b19e18d106,1006,16
0x3e57efef507b4db7acfa2ee79ceca6b19e18d106,1233,16
0x3e57efef507b4db7acfa2ee79ceca6b19e18d106,1744,16
0x3e57efef507b4db7acfa2ee79ceca6b19e18d106,1925,16
0x3e57efef507b4db7acfa2ee79ceca6b19e18d106,1999,16
0x3e57efef507b4db7acfa2ee79ceca6b19e18d106,2147,16
0x3e57efef507b4db7acfa2ee79ceca6b19e18d106,2280,16
0x3e57efef507b4db7acfa2ee79ceca6b19e18d106,2281,16
0x3e57efef507b4db7acfa2ee79ceca6b19e18d106,2383,16
0x3e57efef507b4db7acfa2ee79ceca6b19e18d106,3139,16
0x3e57efef507b4db7acfa2ee79ceca6b19e18d106,3377,16
0x3e57efef507b4db7acfa2ee79ceca6b19e18d106,3378,16
0x3e57efef507b4db7acfa2ee79ceca6b19e18d106,3524,16
0x3e57efef507b4db7acfa2ee79ceca6b19e18d106,4111,16
0x3e57efef507b4db7acfa2ee79ceca6b19e18d106,4112,16
0x3e57efef507b4db7acfa2ee79ceca6b19e18d106,4443,16
0x3e57efef507b4db7acfa2ee79ceca6b19e18d106,4495,16
0x3e57efef507b4db7acfa2ee79ceca6b19e18d106,4648,16
0x3e57efef507b4db7acfa2ee79ceca6b19e18d106,4733,16
0x3e57efef507b4db7acfa2ee79ceca6b19e18d106,5379,16
0x3e57efef507b4db7acfa2ee79ceca6b19e18d106,5797,16
0x3e57efef507b4db7acfa2ee79ceca6b19e18d106,5917,16
0x3e57efef507b4db7acfa2ee79ceca6b19e18d106,6132,16
0x3e57efef507b4db7acfa2ee79ceca6b19e18d106,6315,16
0x3e57efef507b4db7acfa2ee79ceca6b19e18d106,6412,16
0x3e57efef507b4db7acfa2ee79ceca6b19e18d106,6618,16
0x56b3591aafd665aadc8f956c5964923782ea1698,3001,16
0x56b3591aafd665aadc8f956c5964923782ea1698,3002,16
0xc912883f4457be8eae99bb0e228f7846108861b6,1602,16
0x100ee93639b5bb81cf1fb694f3874cc336439bc6,2790,16
0x09c3bcfb5a55624aba0a036ffe1c20ac10c6699e,4973,16
0x09c3bcfb5a55624aba0a036ffe1c20ac10c6699e,4974,16
0x3e06bd0bce5301af7a186d7f33478ad227df984a,2256,16
0x3e06bd0bce5301af7a186d7f33478ad227df984a,2257,16
0xead00ed237784341ee474ceabad298f96dc080c8,3774,16
0x268e94649f4f2b7609d012494783d908f051fe74,2589,16
0x268e94649f4f2b7609d012494783d908f051fe74,2590,16
0x538b436d765cb508a1dd26b6f014b5eb3b29e8bf,1987,16
0x538b436d765cb508a1dd26b6f014b5eb3b29e8bf,1988,16
0x99c5343bfa608b1a21e9569b8abf8a44326b692f,1126,16
0x99c5343bfa608b1a21e9569b8abf8a44326b692f,3926,16
0xc1ea534f63854ba2d3c32fdcd9cd34a9c239aaaa,2174,16
0xc1ea534f63854ba2d3c32fdcd9cd34a9c239aaaa,2175,16
0x21cb5ba7e40eb0d547cfe5a6e1524d10a77dd11e,1153,16
0x21cb5ba7e40eb0d547cfe5a6e1524d10a77dd11e,1154,16
0x21cb5ba7e40eb0d547cfe5a6e1524d10a77dd11e,2992,16
0xb0481e4d9513924d3eef075781794ea81b14e0f7,2431,16
0xb0481e4d9513924d3eef075781794ea81b14e0f7,2432,16
0x713c9aa2bdc82febc3b7f0e07f8a19a99bf6e047,5324,16
0xdd13769de01d71ca0fd0cdfb0f3a53b0b5562bd1,3196,16
0xdd13769de01d71ca0fd0cdfb0f3a53b0b5562bd1,3197,16
0x4bfb8498981225c02cb9664a3350bdd123e242bd,2498,16
0x4bfb8498981225c02cb9664a3350bdd123e242bd,2499,16
0x46d106766f5996f5d2d50202199190cd895c5d96,1778,16
0x090f66847a4dfa167046627150ac9b855dce4119,2527,16
0x090f66847a4dfa167046627150ac9b855dce4119,2528,16
0x70af6be4435a982e99735b1b65cac0e7eadab68d,3071,16
0x70af6be4435a982e99735b1b65cac0e7eadab68d,3072,16
0xa2f2db0202cf94de28822019598140b335b2f0d7,5902,16
0xb53ff1b9f453033076e4265db93c812adcdac167,2478,16
0xb53ff1b9f453033076e4265db93c812adcdac167,2479,16
0xd9fa80eed8634e57a8fa4b781fcbb3faeda39849,5765,16
0xd9fa80eed8634e57a8fa4b781fcbb3faeda39849,6478,16
0xdca37f12aceb8de601b72d2e05f6f698f8fa88f4,2787,16
0x49a456fe253d8a423b3d22a428085d9096f3fe61,3780,16
0x49a456fe253d8a423b3d22a428085d9096f3fe61,4050,16
0x49a456fe253d8a423b3d22a428085d9096f3fe61,6492,16
0x49a456fe253d8a423b3d22a428085d9096f3fe61,6558,16
0xfce761b176cf360354c92b0efa89cde18cc00c7d,5320,16
0xfce761b176cf360354c92b0efa89cde18cc00c7d,5321,16
0x47886f5343ebbc0678050383ce1caaa40861cce9,6220,16
0x1cbf3b005a908891ff209386381a1e3d97e2978d,2701,16
0x73300d4d4c4b294b01c74219c06a15ff57b31b3d,1728,16
0x73300d4d4c4b294b01c74219c06a15ff57b31b3d,1729,16
0x00bf083c912c5e29211aaca37c909e765430932c,7028,16
0x89a80a410b1a0fcc91eda1fc8a4f7245ca183b6f,3271,16
0x89a80a410b1a0fcc91eda1fc8a4f7245ca183b6f,5295,16
0x89a80a410b1a0fcc91eda1fc8a4f7245ca183b6f,6614,16
0xae5252b7d6603af2fa284e565a11e3175ef84a9c,3543,16
0xae5252b7d6603af2fa284e565a11e3175ef84a9c,3544,16
0x69486873ea8e52151a464f4a5a92c8609171a954,1856,16
0x69486873ea8e52151a464f4a5a92c8609171a954,1857,16
0xc1c772880d009d24c8098b8a2b4c91312966425d,3972,16
0xf15671b948d8e0b0607096e2d48d8bd33ab893ad,4406,16
0xd5c63024ab3f3c306983f24bd3f90ab2c39eca61,3893,16
0x1cc7ab47441d69be57c0a09bf44f92e3dfbd71ef,2033,16
0xd1e03e39b374de47c485f16ad6b9b5474c0ee013,995,16
0xd1e03e39b374de47c485f16ad6b9b5474c0ee013,1066,16
0xd1e03e39b374de47c485f16ad6b9b5474c0ee013,1252,16
0xd1e03e39b374de47c485f16ad6b9b5474c0ee013,1315,16
0xd1e03e39b374de47c485f16ad6b9b5474c0ee013,1316,16
0xd1e03e39b374de47c485f16ad6b9b5474c0ee013,1430,16
0xd1e03e39b374de47c485f16ad6b9b5474c0ee013,5221,16
0xd1e03e39b374de47c485f16ad6b9b5474c0ee013,6018,16
0xe79f1c997344af6e5efd912a1a6af2e6bc3975d4,2116,16
0xe79f1c997344af6e5efd912a1a6af2e6bc3975d4,2117,16
0xe79f1c997344af6e5efd912a1a6af2e6bc3975d4,5984,16
0x9352034b508263f63c50d4c445495e00651e72a0,2423,16
0x9352034b508263f63c50d4c445495e00651e72a0,2424,16
0x5c3573595f8d98dba39a666427945c8a045cd28e,965,16
0x836a51a6d849e6b1a2161c2329a71c7574b35d5c,1645,16
0x836a51a6d849e6b1a2161c2329a71c7574b35d5c,1646,16
0x836a51a6d849e6b1a2161c2329a71c7574b35d5c,1846,16
0x836a51a6d849e6b1a2161c2329a71c7574b35d5c,1847,16
0x836a51a6d849e6b1a2161c2329a71c7574b35d5c,2454,16
0x836a51a6d849e6b1a2161c2329a71c7574b35d5c,2455,16
0x836a51a6d849e6b1a2161c2329a71c7574b35d5c,2681,16
0xc2c29f5b503d9ae43b44874ea373bc13456f4c94,6668,16
0xb4589b3391f9da26a9acbb7d9b371ad4f832591f,2426,16
0x9c631c1cc8db5faaf69f709aa4021440aea7bc0b,1409,16
0x4be2ee779fbfdee5409ff3e28ab50d0d55101558,2447,16
0xebc453e098ea5ca81e216441891c84bc4fb6e8e6,3558,16
0x5482273451c8fab8588bd58a2f3d6732e911ea62,6562,16
0x4d246e41d7131ff60cd533c13bd2aafce7ab1265,3977,16
0x4d246e41d7131ff60cd533c13bd2aafce7ab1265,3978,16
0x2a95cdb8ee9cbdd9af0bb7d1c26f3396dad458dd,4118,16
0xea64ea9bf64d66df7c7bfb5d973cf069342b6ef2,4098,16
0xea64ea9bf64d66df7c7bfb5d973cf069342b6ef2,5739,16
0xcfe4e675fedc0aefd6dad8be0321329cbc711361,2900,16
0xcfe4e675fedc0aefd6dad8be0321329cbc711361,2901,16
0xac317f0f47303f961d55a2d2f99f454da2ae9012,1786,16
0xac317f0f47303f961d55a2d2f99f454da2ae9012,1787,16
0xdd14f507232e2c244f9f23ea75c1bc2d5c7b47b8,3392,16
0xc9db33f8dfdd1abda5871416559ed94ce9c8fdc4,6326,16
0xc9db33f8dfdd1abda5871416559ed94ce9c8fdc4,6350,16
0x27700a2fc01b1d5040263f11aac3863c7852bb2e,2510,16
0x27700a2fc01b1d5040263f11aac3863c7852bb2e,3280,16
0xc2ba2b009a9a8f12fdabed184412120fb072d620,1890,16
0xc2ba2b009a9a8f12fdabed184412120fb072d620,2158,16
0xc2ba2b009a9a8f12fdabed184412120fb072d620,3808,16
0xc2ba2b009a9a8f12fdabed184412120fb072d620,6367,16
0x8b7bf875e82a259b704c33fd87eceb7f4850f616,3434,16
0xe9e83bf030b64692871bde79b0470d9e8894a450,6381,16
0x21ae5731f17411ebd5603e1a7aafa783ccb827f6,3572,16
0x21ae5731f17411ebd5603e1a7aafa783ccb827f6,5708,16
0x21ae5731f17411ebd5603e1a7aafa783ccb827f6,5865,16
0xf9f9f29f4c5b43f9566bcc91f9ccebfc7d40e099,2348,16
0xf9f9f29f4c5b43f9566bcc91f9ccebfc7d40e099,2349,16
0xc47ab25d9ac126c2539fb1a1066d4f6aa8ad1c1f,1164,16
0xc47ab25d9ac126c2539fb1a1066d4f6aa8ad1c1f,3069,16
0x3b30db86d017090d7c295ee0f7ce0bd70f877777,6709,16
0xd7d94560bd42c0f9770938c4772e44e856bac27a,4508,16
0xef114fd2e8df2adac9085c70fff1d4e1c4c9b18e,1491,16
0x395e722cbc5d314d6fb1ce807242f3ee9269dfff,1655,16
0x7b4cdac8739803e4568c315f312477caa77338a5,6688,16
0x27848723f883dad93074f662f017f02a3a2931a3,2313,16
0xad11b0e1ef67d1d0950eaa159ca821bdb42b6d10,3150,16
0x202c05cf01d9db2b44b50ba7827a001755305591,5102,16
0x202c05cf01d9db2b44b50ba7827a001755305591,6127,16
0x4b2c4c768b350bc9db7d8e15b8f2e1b3df937a77,1110,16
0xbae7da1f1868e8e19e947eff8d840c5eabc33c59,3078,16
0x9ea94e31853c76c6912b6903027bb8f456e9f8ea,3701,16
0x9ea94e31853c76c6912b6903027bb8f456e9f8ea,3702,16
0xb98bf34814687f7f8fc344bbe0ada1b550434b50,1293,16
0xb98bf34814687f7f8fc344bbe0ada1b550434b50,1294,16
0x31356f6d29aec5c0f3f059a64d2a15622ae775d3,1763,16
0x31356f6d29aec5c0f3f059a64d2a15622ae775d3,6531,16
0x3224e07103c4ab558faee6aed27a63457a823196,6113,16
0x12b668eb9ca7354b2f05361e3ae12b27547a4986,2537,16
0x6964f870aa07461521ba2f947837a00e0a4c008b,1160,16
0x6964f870aa07461521ba2f947837a00e0a4c008b,1838,16
0xaee8212c786c724d5682735d906a7b1e459fef3f,897,16
0x87f4c743c2a1323a88855f2db61ec1eea651ca2e,3477,16
0x87f4c743c2a1323a88855f2db61ec1eea651ca2e,3693,16
0x87f4c743c2a1323a88855f2db61ec1eea651ca2e,3874,16
0x87f4c743c2a1323a88855f2db61ec1eea651ca2e,5811,16
0x87f4c743c2a1323a88855f2db61ec1eea651ca2e,6083,16
0x3b0667ab576a6aceb3add15c98db84f51c20e370,3459,16
0x3b0667ab576a6aceb3add15c98db84f51c20e370,4782,16
0x3b0667ab576a6aceb3add15c98db84f51c20e370,5531,16
0x11705c7baf986594913ac568ac18fb0f039ef2d6,1611,16
0x11705c7baf986594913ac568ac18fb0f039ef2d6,1612,16
0x4daf440bb1ec17628dad45ed45b726759a99271a,1664,16
0xd699dc8bc53dd68b25aa87795957ff2abc6ca78a,3630,16
0xd699dc8bc53dd68b25aa87795957ff2abc6ca78a,3957,16
0x3d4e27b8391809d572d44adedda01b4f4804361d,4621,16
0x135dbda444ffcd5cc4506fcb0dcbb48da5f1f988,3776,16
0x7a63d46a6f97f623e5109d58b52b33153737027d,3164,16
0x7a63d46a6f97f623e5109d58b52b33153737027d,3577,16
0x7a63d46a6f97f623e5109d58b52b33153737027d,4816,16
0x1361d2a1de89f83f61bcba6c6eb72aee3433cfac,2118,16
0x1361d2a1de89f83f61bcba6c6eb72aee3433cfac,2119,16
0xbd1dd2bf54b65bbf04793bc853b01532a17cb891,3614,16
0xbd1dd2bf54b65bbf04793bc853b01532a17cb891,3713,16
0xbd1dd2bf54b65bbf04793bc853b01532a17cb891,5200,16
0xc74c9d67fa6020debd5963669b87327ab7f14a1e,2156,16
0xc74c9d67fa6020debd5963669b87327ab7f14a1e,2157,16
0x31a8870c4e6b67d114a35d9784587b35b1989125,6648,16
0x31a8870c4e6b67d114a35d9784587b35b1989125,6740,16
0x4c9d50ccac81b7473c222845531dc37f1c416166,3195,16
0x4c9d50ccac81b7473c222845531dc37f1c416166,4656,16
0x4c9d50ccac81b7473c222845531dc37f1c416166,4657,16
0x1b6aa1020730c9c7b158e05d74f390a16140cc27,4355,16
0x1b6aa1020730c9c7b158e05d74f390a16140cc27,4356,16
0x0a9fd20fc663cc9afa28699959965a2a2dc5aae3,2071,16
0x0a9fd20fc663cc9afa28699959965a2a2dc5aae3,2072,16
0xd82f3db9cf774110decfb50df59faa3c55fee1dc,1908,16
0x5641847fc7f97bf6ecf14e6635370994ea75e530,5670,16
0xf821b10a64ab148d8173c69fa9531baee36ab995,6047,16
0xf821b10a64ab148d8173c69fa9531baee36ab995,6048,16
0xfda61e21f32a86562f37916b9e714373748ee0df,2601,16
0xcbacfd488370d9a611b3584070b98ad0c5597250,5851,16
0xcbacfd488370d9a611b3584070b98ad0c5597250,5852,16
0xcbacfd488370d9a611b3584070b98ad0c5597250,5853,16
0xcbacfd488370d9a611b3584070b98ad0c5597250,5854,16
0xcbacfd488370d9a611b3584070b98ad0c5597250,5855,16
0xcbacfd488370d9a611b3584070b98ad0c5597250,5856,16
0x9c421d817d620c80cdbe65919d2441ff3560a640,4620,16
0x1bed18d9af7417062ead07c47aeae14cd792a494,1921,16
0x1bed18d9af7417062ead07c47aeae14cd792a494,3885,16
0x1bed18d9af7417062ead07c47aeae14cd792a494,5720,16
0x3fcfbbdbaf2d42c3e36bb7eb621e9675abd4149b,1657,16
0x0e7110d45e847629116cda4ba184560a7d40f14a,4516,16
0x0e7110d45e847629116cda4ba184560a7d40f14a,4517,16
0x40f2de155cedcbd4d4011fcacbbe9c4c1aa442fe,2081,16
0xf66ac48678d09f54baa29679e0bd7e3a70e4475d,1264,16
0x624e5a45c813a1cc8907f1a0257eae6e29b3d1bd,4091,16
0x624e5a45c813a1cc8907f1a0257eae6e29b3d1bd,4092,16
0x5b34d7917840fac7e91973abdd5647ae5eeccbaa,2037,16
0x5b34d7917840fac7e91973abdd5647ae5eeccbaa,2038,16
0x5b34d7917840fac7e91973abdd5647ae5eeccbaa,3843,16
0x7437c58c207be117920a2ea57f5a4924385b5ad9,4446,16
0xb2e7f7044a94dd0f9dca56f2e402355d0a0d60e4,1113,16
0xb2e7f7044a94dd0f9dca56f2e402355d0a0d60e4,1573,16
0xb2e7f7044a94dd0f9dca56f2e402355d0a0d60e4,1935,16
0xb2e7f7044a94dd0f9dca56f2e402355d0a0d60e4,2380,16
0xb2e7f7044a94dd0f9dca56f2e402355d0a0d60e4,5512,16
0xdbb9d557191501fd2cadf5a9fd80845f162d20dd,3200,16
0xdbb9d557191501fd2cadf5a9fd80845f162d20dd,3839,16
0xdbb9d557191501fd2cadf5a9fd80845f162d20dd,3840,16
0x898b624d296f0af1bcb2853065b1ac151ebc1ccc,1177,16
0x898b624d296f0af1bcb2853065b1ac151ebc1ccc,1178,16
0x898b624d296f0af1bcb2853065b1ac151ebc1ccc,1320,16
0x898b624d296f0af1bcb2853065b1ac151ebc1ccc,1376,16
0x898b624d296f0af1bcb2853065b1ac151ebc1ccc,1574,16
0x898b624d296f0af1bcb2853065b1ac151ebc1ccc,1779,16
0x898b624d296f0af1bcb2853065b1ac151ebc1ccc,2682,16
0x898b624d296f0af1bcb2853065b1ac151ebc1ccc,2858,16
0x898b624d296f0af1bcb2853065b1ac151ebc1ccc,2859,16
0x898b624d296f0af1bcb2853065b1ac151ebc1ccc,2970,16
0x898b624d296f0af1bcb2853065b1ac151ebc1ccc,3846,16
0x898b624d296f0af1bcb2853065b1ac151ebc1ccc,3913,16
0x898b624d296f0af1bcb2853065b1ac151ebc1ccc,4121,16
0x898b624d296f0af1bcb2853065b1ac151ebc1ccc,4122,16
0x898b624d296f0af1bcb2853065b1ac151ebc1ccc,4251,16
0x898b624d296f0af1bcb2853065b1ac151ebc1ccc,4357,16
0x898b624d296f0af1bcb2853065b1ac151ebc1ccc,4538,16
0x898b624d296f0af1bcb2853065b1ac151ebc1ccc,5052,16
0x898b624d296f0af1bcb2853065b1ac151ebc1ccc,5135,16
0x898b624d296f0af1bcb2853065b1ac151ebc1ccc,5370,16
0x898b624d296f0af1bcb2853065b1ac151ebc1ccc,5650,16
0x898b624d296f0af1bcb2853065b1ac151ebc1ccc,5872,16
0x898b624d296f0af1bcb2853065b1ac151ebc1ccc,6310,16
0x898b624d296f0af1bcb2853065b1ac151ebc1ccc,6314,16
0x898b624d296f0af1bcb2853065b1ac151ebc1ccc,6321,16
0x898b624d296f0af1bcb2853065b1ac151ebc1ccc,6332,16
0x898b624d296f0af1bcb2853065b1ac151ebc1ccc,6335,16
0x898b624d296f0af1bcb2853065b1ac151ebc1ccc,6514,16
0x898b624d296f0af1bcb2853065b1ac151ebc1ccc,6548,16
0x898b624d296f0af1bcb2853065b1ac151ebc1ccc,6744,16
0xbe2fd46639eae548552aa79b1245d65718cb89d9,4171,16
0xe77e6594706a08177f4212217d46a13561bf5dcd,1270,16
0x20dfd898b7247c24ec61d337f2a7a2ef6852eb11,3337,16
0x20dfd898b7247c24ec61d337f2a7a2ef6852eb11,3338,16
0x9b76e81c08d2679fac3852cc5aff643e4fcb21cf,2749,16
0x9c46df4e95d9ee647849b1460b750eae24f48270,3706,16
0x9c46df4e95d9ee647849b1460b750eae24f48270,3707,16
0x0ab4b2f1a5cf3d72206cc1415b8e88ef9c698423,1964,16
0x78034d32cfafa9de383d4ed642382fef3c3bc688,1020,16
0x78034d32cfafa9de383d4ed642382fef3c3bc688,1329,16
0x78034d32cfafa9de383d4ed642382fef3c3bc688,3348,16
0x78034d32cfafa9de383d4ed642382fef3c3bc688,3496,16
0x78034d32cfafa9de383d4ed642382fef3c3bc688,3576,16
0x78034d32cfafa9de383d4ed642382fef3c3bc688,4735,16
0x78034d32cfafa9de383d4ed642382fef3c3bc688,4736,16
0x78034d32cfafa9de383d4ed642382fef3c3bc688,4768,16
0x78034d32cfafa9de383d4ed642382fef3c3bc688,5199,16
0x78034d32cfafa9de383d4ed642382fef3c3bc688,5860,16
0x78034d32cfafa9de383d4ed642382fef3c3bc688,5871,16
0x78034d32cfafa9de383d4ed642382fef3c3bc688,5966,16
0x78034d32cfafa9de383d4ed642382fef3c3bc688,6064,16
0x78034d32cfafa9de383d4ed642382fef3c3bc688,6594,16
0x78034d32cfafa9de383d4ed642382fef3c3bc688,7130,16
0x78034d32cfafa9de383d4ed642382fef3c3bc688,7133,16
0x78034d32cfafa9de383d4ed642382fef3c3bc688,7545,16
0x78034d32cfafa9de383d4ed642382fef3c3bc688,7814,16
0xdaf8313d766a62b5271a446b7e03d45ffb000490,1027,16
0xdaf8313d766a62b5271a446b7e03d45ffb000490,1598,16
0xdaf8313d766a62b5271a446b7e03d45ffb000490,2838,16
0xdaf8313d766a62b5271a446b7e03d45ffb000490,3481,16
0xdaf8313d766a62b5271a446b7e03d45ffb000490,4039,16
0xdaf8313d766a62b5271a446b7e03d45ffb000490,5158,16
0xdaf8313d766a62b5271a446b7e03d45ffb000490,6573,16
0xdaf8313d766a62b5271a446b7e03d45ffb000490,6715,16
0xdaf8313d766a62b5271a446b7e03d45ffb000490,8545,16
0x116fb5af123f4cdd600d108c9f8c08f45dd12cce,5967,16
0x410a20d45edbb4415a5981be8d559676b8100e57,3594,16
0x410a20d45edbb4415a5981be8d559676b8100e57,3826,16
0x410a20d45edbb4415a5981be8d559676b8100e57,4013,16
0x410a20d45edbb4415a5981be8d559676b8100e57,4114,16
0x410a20d45edbb4415a5981be8d559676b8100e57,4719,16
0x410a20d45edbb4415a5981be8d559676b8100e57,5131,16
0x410a20d45edbb4415a5981be8d559676b8100e57,5314,16
0x410a20d45edbb4415a5981be8d559676b8100e57,6385,16
0x410a20d45edbb4415a5981be8d559676b8100e57,6387,16
0x410a20d45edbb4415a5981be8d559676b8100e57,6394,16
0x0be708eafc31a270707f8b8a4ac0259b54b4740f,1139,16
0x0be708eafc31a270707f8b8a4ac0259b54b4740f,2368,16
0x0be708eafc31a270707f8b8a4ac0259b54b4740f,2472,16
0x0be708eafc31a270707f8b8a4ac0259b54b4740f,4158,16
0x0be708eafc31a270707f8b8a4ac0259b54b4740f,4172,16
0x0be708eafc31a270707f8b8a4ac0259b54b4740f,4537,16
0x0be708eafc31a270707f8b8a4ac0259b54b4740f,5178,16
0x0be708eafc31a270707f8b8a4ac0259b54b4740f,5624,16
0x0be708eafc31a270707f8b8a4ac0259b54b4740f,6108,16
0x0be708eafc31a270707f8b8a4ac0259b54b4740f,6231,16
0x0be708eafc31a270707f8b8a4ac0259b54b4740f,6292,16
0x3621f96aea9904da476727550ee205ca4c2f779c,3249,16
0x3621f96aea9904da476727550ee205ca4c2f779c,3250,16
0x2f9cbc733a1f539259af78b0e533daa8238e8374,1022,16
0x05aee050503164023f7752b35e92b7dc59ac2a74,2078,16
0x05aee050503164023f7752b35e92b7dc59ac2a74,2090,16
0x05aee050503164023f7752b35e92b7dc59ac2a74,3230,16
0x05aee050503164023f7752b35e92b7dc59ac2a74,4064,16
0x05aee050503164023f7752b35e92b7dc59ac2a74,7131,16
0x06acc6dead0deb7e06985bbdd7f1347346a006be,1637,16
0x06acc6dead0deb7e06985bbdd7f1347346a006be,1638,16
0xe076d539e5a1c0bd1f5d99fafff9811884ec0fd1,3533,16
0x7782c1c31f0eed9ebf466d78beec0cb0cd2b51af,5929,16
0x62e18f2672ac1437b370cf36b27a69a17ac8eff4,6087,16
0x62e18f2672ac1437b370cf36b27a69a17ac8eff4,6088,16
0xdd5488a3243b8e2fb29b8ad5636aabdba9c633cb,3074,16
0x6319e7820dcbebf9d342dc5676e6c7f583b544c6,1261,16
0x6319e7820dcbebf9d342dc5676e6c7f583b544c6,1262,16
0xd512ffe85be6f9ce44091c4bfb474f0293e818dc,2393,16
0xd512ffe85be6f9ce44091c4bfb474f0293e818dc,2394,16
0xc830091e7c3a188245eb0087d52e252ae6bfff73,4561,16
0xc830091e7c3a188245eb0087d52e252ae6bfff73,4562,16
0x88d8d8c2e9a29177a4a8d6755b3870e6720ee6a6,1085,16
0x4a2540e8f489dcdaa8f94e6a5dc28fbd09e99b67,2665,16
0x4a2540e8f489dcdaa8f94e6a5dc28fbd09e99b67,2666,16
0xd2ec6fb85782e5c5982743f66d293617803a2e0c,6030,16
0xd2ec6fb85782e5c5982743f66d293617803a2e0c,6120,16
0xd2ec6fb85782e5c5982743f66d293617803a2e0c,6447,16
0x2c97bb6058e7a7f61768464aae86470d9ba57421,2176,16
0x1e90034c696d146d3c19d34bae7b05ffcd890c6f,1173,16
0x1e90034c696d146d3c19d34bae7b05ffcd890c6f,1641,16
0x1e90034c696d146d3c19d34bae7b05ffcd890c6f,1920,16
0x1e90034c696d146d3c19d34bae7b05ffcd890c6f,4037,16
0x1e90034c696d146d3c19d34bae7b05ffcd890c6f,4310,16
0x1e90034c696d146d3c19d34bae7b05ffcd890c6f,4664,16
0x1e90034c696d146d3c19d34bae7b05ffcd890c6f,5043,16
0x1e90034c696d146d3c19d34bae7b05ffcd890c6f,5206,16
0x1e90034c696d146d3c19d34bae7b05ffcd890c6f,5706,16
0x64220b85356c2e31aa5b2dd79322dbab63d05f22,2721,16
0x64220b85356c2e31aa5b2dd79322dbab63d05f22,2722,16
0x6b52253f206565e50693fd332b024a2d5e3742bc,6438,16
0x0064c1608efa188c7e51bbf1cd914e16f9807ba4,5705,16
0x57721075d939b188364880c247410e1065baf511,4866,16
0x357cc8a6b19719d797ad77c239e6a0627007a478,2211,16
0x9a8ffcfb98afecb9698bc1df1605112cdee9b361,2210,16
0xb44444e88ec7de694402821b77db69c31baf0bb3,2237,16
0xb44444e88ec7de694402821b77db69c31baf0bb3,6541,16
0xc6ca248a0003d93d7cc3ffc3ae84dff3676fd65b,1230,16
0xc6ca248a0003d93d7cc3ffc3ae84dff3676fd65b,4666,16
0x5063e320f8cbbe347c374f7cfaae3fb392d98b78,1501,16
0xed5830ffee37bcec6b1125906c971d24377cc05d,2623,16
0x77dee8daa7fb80d19ec464aba89d4241f42dd743,6498,16
0x7b1f79c6a5bc1482b3b9fe81ad993c3b5e652bb0,2043,16
0x7b1f79c6a5bc1482b3b9fe81ad993c3b5e652bb0,6173,16
0xcd82a23d18cfcf40a1059456f90795bd74b7d2e0,1733,16
0xf57439b647b5d2ba7309b5b58eaadefa69238926,5707,16
0xd67d657fe1588a764a51ee0162717ae5b0f34be1,2748,16
0xbe931d053e0156b527ca478744d212c66684f653,2553,16
0x12b93dbca5cce9338756175da1fa51dbdacdf3b1,2554,16
0xe2faadea564b2a43ebf38ec5f679069df92642e9,5781,16
0xe2faadea564b2a43ebf38ec5f679069df92642e9,5972,16
0xe2faadea564b2a43ebf38ec5f679069df92642e9,5973,16
0x31031eeaaedd39ed8b06deca903cc7102678df80,2501,16
0x31031eeaaedd39ed8b06deca903cc7102678df80,3268,16
0x31031eeaaedd39ed8b06deca903cc7102678df80,5899,16
0xf76dc60aac63c234d32583a85c96af27d4f987b9,1947,16
0xf76dc60aac63c234d32583a85c96af27d4f987b9,1948,16
0x1a8d5bdc3d4062fbf0b4d76b571d69b071897386,1907,16
0x1a8d5bdc3d4062fbf0b4d76b571d69b071897386,2284,16
0x1a8d5bdc3d4062fbf0b4d76b571d69b071897386,4375,16
0x71ec1f58656b583f14aa2d7c628aea8f4e1c1cd4,6221,16
0xaf2e919b59734b8d99f6bc1f62dc63d6519d14bc,2979,16
0x4c00aaae552de7476122687b05589c25d61312df,4035,16
0xc347c2bb6bc3db203c559980716e15918b8115a5,2673,16
0xb150b53a0a444eb153d1823c67d22795a3735dda,1597,16
0xca6ff14e20276eaf2cffe2d01ec6d1cf16bc036e,2669,16
0xd66af77a0518b8fb0cb20eb14b8427339fe28276,1472,16
0xd66af77a0518b8fb0cb20eb14b8427339fe28276,1473,16
0x34b695974be06dc569188b737f723d936af0a931,5840,16
0x0babfcc1462e320a109577e5376a496beeaac5ab,1467,16
0x8f89f0c8a7e2858d5f40dfb8b82de16c83d51d19,2162,16
0x8f89f0c8a7e2858d5f40dfb8b82de16c83d51d19,2163,16
0x0a6379391292909d68f2c3a0b9a1edaddab95245,3498,16
0x366401d0c187eb5194488cbcf4ff7ebe6b8b221f,5971,16
0xf2aac76a8dc431201bf61528d99a30cfd37217dd,6399,16
0xbaedbeb33bcf20baf8e3e4e51dc6ba8af8758d79,2166,16
0xbaedbeb33bcf20baf8e3e4e51dc6ba8af8758d79,2167,16
0xbaedbeb33bcf20baf8e3e4e51dc6ba8af8758d79,6578,16
0x6f9ebabfc01cf6708773243a5015c8466b8cefb0,3047,16
0x6f9ebabfc01cf6708773243a5015c8466b8cefb0,3048,16
0x3a43525a3873d7fb415cff57613d22ed5ccfa368,1389,16
0xe53ee538b6ad601fa384c00deac8d07fa6eef3ce,4299,16
0x69fcd48b0acdb6baae1242ab4cae2ceb0dbc88c5,6114,16
0xdc1e5e4b8adacb60dc1726a66885cb3343eb654d,1108,16
0xdc1e5e4b8adacb60dc1726a66885cb3343eb654d,1422,16
0xdc1e5e4b8adacb60dc1726a66885cb3343eb654d,2017,16
0xdc1e5e4b8adacb60dc1726a66885cb3343eb654d,6429,16
0x6e55bc85a34de8a9f4214ec5900aac6323299c9d,2549,16
0x284a128d905d12505e013b3c078c71e66658afa2,2670,16
0xbe622091b9c7fe76d3ea89a49d21354189f824d5,896,16
0xd8453f4940b3c9d9ee376a0db42b13efe63bd54c,1542,16
0x401cd38700507d5486bfe62aad07bb235c84948b,3725,16
0x401cd38700507d5486bfe62aad07bb235c84948b,5372,16
0x401cd38700507d5486bfe62aad07bb235c84948b,5373,16
0x92e631c7bcb6db4153027cceb2fa1c4cdf456998,3447,16
0x10eb84abd429fa4df8dcabbc7c2803822a5b82d9,2626,16
0x297c1702d0a09147410d11c1910ae918f8f6db44,2905,16
0x62f2b8e5019d0be560c6e91e451fe3fb9df489ae,1146,16
0x18eb2db0ff8a959ce13f1b34c5eec9978430b777,3791,16
0x18eb2db0ff8a959ce13f1b34c5eec9978430b777,3792,16
0x7c3f6726981be1c95d77f9b06c9aa71df7dfc99e,3120,16
0x7c3f6726981be1c95d77f9b06c9aa71df7dfc99e,3121,16
0x9b8775e501442a1709faabd4a5ce28ea1e463c83,2233,16
0x7bf8139bc5f009447d6d4a3b227899a195218913,4490,16
0x79c39331bf0d2356db53cee2dc8a5b42cf8dce36,1048,16
0x66ed0498abd086da2a1a22e1024b78ebe2bd4278,2327,16
0x28bf7de4c3b52975d36a55c1f7ccb6af131efa83,1187,16
0x28bf7de4c3b52975d36a55c1f7ccb6af131efa83,4400,16
0xd9aea86e17bc069ae638b98a3167736d447685cd,6369,16
0x14a552135fac9587635ecd15bc65cdb9ca3d459a,4255,16
0x14a552135fac9587635ecd15bc65cdb9ca3d459a,4256,16
0x14a552135fac9587635ecd15bc65cdb9ca3d459a,4474,16
0x14a552135fac9587635ecd15bc65cdb9ca3d459a,4475,16
0xeb355ca015905e8b578c6d8434153a1c7e55a3e0,6512,16
0x7bf14d493520f20fad2e326dec83509d1116c6b6,1221,16
0x7bf14d493520f20fad2e326dec83509d1116c6b6,1751,16
0x7bf14d493520f20fad2e326dec83509d1116c6b6,1930,16
0x7bf14d493520f20fad2e326dec83509d1116c6b6,2379,16
0x7bf14d493520f20fad2e326dec83509d1116c6b6,2996,16
0x7bf14d493520f20fad2e326dec83509d1116c6b6,3005,16
0x7bf14d493520f20fad2e326dec83509d1116c6b6,5653,16
0x7bf14d493520f20fad2e326dec83509d1116c6b6,5755,16
0x7bf14d493520f20fad2e326dec83509d1116c6b6,6789,16
0x6b96ead679db616766866a10942b93355ecad112,3743,16
0x5665785813011a5c37c10972f8d3d463441637c3,4305,16
0x327c86581e15d6a72207e655216938ef10c78999,993,16
0x327c86581e15d6a72207e655216938ef10c78999,2099,16
0x523a9dd38fc0bac5d58568dc0d70140a3b0250c4,1128,16
0x523a9dd38fc0bac5d58568dc0d70140a3b0250c4,3210,16
0x523a9dd38fc0bac5d58568dc0d70140a3b0250c4,3211,16
0x523a9dd38fc0bac5d58568dc0d70140a3b0250c4,3949,16
0xa9e72fb863cab3de32e68b9f990d3f894d7fa9e1,4320,16
0xa9e72fb863cab3de32e68b9f990d3f894d7fa9e1,4321,16
0x535a95120e925efd8ea5ea891836fc75f919e82b,3638,16
0x535a95120e925efd8ea5ea891836fc75f919e82b,4911,16
0x535a95120e925efd8ea5ea891836fc75f919e82b,5032,16
0x535a95120e925efd8ea5ea891836fc75f919e82b,5033,16
0x116d7fd799d794e7fc6512d72e6d5f7b5f912229,2894,16
0xe2c72dcf60ec2892fd3002561b730b8b6c750eed,6330,16
0xb87186765f4951dce0342fabda15b8966513a464,1924,16
0x65d45937c1d56b8d82a44a4e2816e5cd549a94be,2910,16
0x65d45937c1d56b8d82a44a4e2816e5cd549a94be,2911,16
0x379d7624d08bd598f2353b7a38b0be708a85227d,8167,16
0x50a2ef20d9113db6827ef7fbfe231eef37b136e0,3206,16
0x50a2ef20d9113db6827ef7fbfe231eef37b136e0,3207,16
0x64616f91dbaa4a4b0113a8fa13665796b44a4c81,2813,16
0x64616f91dbaa4a4b0113a8fa13665796b44a4c81,2814,16
0x2f923012fc0733e9c12e5547ff170c890b5684bb,5960,16
0x2f923012fc0733e9c12e5547ff170c890b5684bb,5961,16
0xdc295e925e84e155e860bca1d36a68b88a604642,2060,16
0xdc295e925e84e155e860bca1d36a68b88a604642,3374,16
0xdc295e925e84e155e860bca1d36a68b88a604642,4022,16
0x9ad490c68cea1573abb4db1af128949ed2325777,4157,16
0xa169d21651ea3cff3e3a2124e4133ab555863b05,3276,16
0xa169d21651ea3cff3e3a2124e4133ab555863b05,3277,16
0x24d1e52e43ba0a98bdc7eda0fe0dcd96dd0f7821,6630,16
0xd2f9e9cf7cbdfac970fc3a8c27c1df08652aa789,1054,16
0xf670f4451fbf4430e58a65119202c0773a60b24e,4865,16
0xd5d513352ffa636a315d087544596563670d5b2b,3328,16
0xd18f7d0018acfc8d3055b93acb5803ec3e5d333d,2460,16
0x4b97f2d505fea213bfd992e0aef99c0e04ca2952,2930,16
0x4b97f2d505fea213bfd992e0aef99c0e04ca2952,2931,16
0x58f96c1d46db3a967c7dd33f1a3f0b601745d05b,1515,16
0x18adb1f4c39a559961a612ffea857fbd9b22c5e8,3813,16
0x18adb1f4c39a559961a612ffea857fbd9b22c5e8,3814,16
0x0e9890b4bfdce2088be85934661b19efe367d3c2,5805,16
0x9022925256fc6a2d18e56bd2d28f5c1d66573727,6413,16
0x1fd252771bc2dfd38ec774efeeb3c6ab7e8e535b,4759,16
0x1fd252771bc2dfd38ec774efeeb3c6ab7e8e535b,4760,16
0x13b7f9af9dce8aa7cd978d766ab9758474221e8a,1714,16
0x13b7f9af9dce8aa7cd978d766ab9758474221e8a,1715,16
0x7f7b584316ca0bc62dfe3e2165a45c2e40b04972,4085,16
0x7f7b584316ca0bc62dfe3e2165a45c2e40b04972,4086,16
0x288cdebb256f95f27d0a6ad39fa5e9c2a0b06ba9,3759,16
0x1afa084f853e64e54f26171332e99c1c08e9cb53,1575,16
0xec4e5361416430ecd446920923489f235b4a1b25,2541,16
0xec4e5361416430ecd446920923489f235b4a1b25,2542,16
0x7402442d1ad6f300c554727b6ff2408ff028cc00,3461,16
0x7402442d1ad6f300c554727b6ff2408ff028cc00,3462,16
0x783c957f27944d6ba15965b2bbd32675977c231e,7340,16
0xc9e489dc86bf2d5eef11bce89846e67039275bd9,1519,16
0x625f566c972a0b01e81d961ad7c07fff46e03160,982,16
0x2294476a8b4d6c5b7f87c3a1e6c823f6117c45c2,2215,16
0xb422ede48b2821d812e1cd5a5685f8b5f234f638,6464,16
0x6e61851aa4312e1bea08e63ef6037c55758fb34c,1804,16
0xd3bb9f9e0f84608d75ab2bba1637b373fbf480c1,2252,16
0xd3bb9f9e0f84608d75ab2bba1637b373fbf480c1,2253,16
0xb3b88baaeedb54daf4b9801265365d4966f33c0c,1135,16
0xb3b88baaeedb54daf4b9801265365d4966f33c0c,1136,16
0xb3b88baaeedb54daf4b9801265365d4966f33c0c,1189,16
0xb3b88baaeedb54daf4b9801265365d4966f33c0c,2295,16
0xb3b88baaeedb54daf4b9801265365d4966f33c0c,2705,16
0xb3b88baaeedb54daf4b9801265365d4966f33c0c,2837,16
0xb3b88baaeedb54daf4b9801265365d4966f33c0c,3435,16
0xb3b88baaeedb54daf4b9801265365d4966f33c0c,3892,16
0xb3b88baaeedb54daf4b9801265365d4966f33c0c,4169,16
0xb3b88baaeedb54daf4b9801265365d4966f33c0c,4170,16
0xb3b88baaeedb54daf4b9801265365d4966f33c0c,4201,16
0xb3b88baaeedb54daf4b9801265365d4966f33c0c,4667,16
0xb3b88baaeedb54daf4b9801265365d4966f33c0c,5031,16
0xb3b88baaeedb54daf4b9801265365d4966f33c0c,5730,16
0xb3b88baaeedb54daf4b9801265365d4966f33c0c,6006,16
0xb3b88baaeedb54daf4b9801265365d4966f33c0c,6393,16
0xb3b88baaeedb54daf4b9801265365d4966f33c0c,6397,16
0xb3b88baaeedb54daf4b9801265365d4966f33c0c,6460,16
0xb3b88baaeedb54daf4b9801265365d4966f33c0c,6600,16
0x8450e1397c3938ec43cb646dbae760273372001b,1266,16
0x8450e1397c3938ec43cb646dbae760273372001b,2297,16
0xf752c0c2d4f70c97edca3993948cd7534e79c1b4,2778,16
0x3018c8ad9b0b5e217e31ee70752b6c6032251cc2,1314,16
0x64e82481e17a2803e4a4e7fea72d841c2e7e00ff,4484,16
0x0945c91d5ddc3cdfdf7fdd45ded0746d0f31296e,1127,16
0x0945c91d5ddc3cdfdf7fdd45ded0746d0f31296e,2046,16
0xddfe40c75392145314bf5652f1e6129e09914e65,1000,16
0x1041a581c74885308ed5f04f8c0687869efbde7a,4702,16
0x9f5c88719f4b181aa109aa8f2e24def7b40762ea,987,16
0x9f5c88719f4b181aa109aa8f2e24def7b40762ea,988,16
0x9f5c88719f4b181aa109aa8f2e24def7b40762ea,1349,16
0x9f5c88719f4b181aa109aa8f2e24def7b40762ea,1350,16
0x9f5c88719f4b181aa109aa8f2e24def7b40762ea,1351,16
0x9f5c88719f4b181aa109aa8f2e24def7b40762ea,1352,16
0x9f5c88719f4b181aa109aa8f2e24def7b40762ea,1353,16
0x9f5c88719f4b181aa109aa8f2e24def7b40762ea,1354,16
0x4f90a63cf52a1480d5d1672b553c20651e713d03,969,16
0x4f90a63cf52a1480d5d1672b553c20651e713d03,1874,16
0x4f90a63cf52a1480d5d1672b553c20651e713d03,6325,16
0xf293cbcb3cf8b57108c871e56fc85ce26d206554,6637,16
0x39f4da389fef57165bd470eb422c755e271f785b,2069,16
0x39f4da389fef57165bd470eb422c755e271f785b,2070,16
0xd04af0d9d6c89533f3b6a02dd8cc4d12a1bf12d9,4326,16
0xd04af0d9d6c89533f3b6a02dd8cc4d12a1bf12d9,4448,16
0xd04af0d9d6c89533f3b6a02dd8cc4d12a1bf12d9,6324,16
0x0e855e3f407d65a21fee7107b7e8b4717476991d,2806,16
0x0e855e3f407d65a21fee7107b7e8b4717476991d,3454,16
0x0e855e3f407d65a21fee7107b7e8b4717476991d,5532,16
0x7fd99bb90bbeba9fd1f02d2fb1524cab0179c43b,3381,16
0x7fd99bb90bbeba9fd1f02d2fb1524cab0179c43b,3382,16
0x9ff8cb19a8702188505a2b7a24c7de1ebb346709,1227,16
0x4d9b759278f6f3b8beb8940d999a0373d73d7291,5232,16
0x0c4b95b608a11425d0676042dd652c544689f591,2087,16
0x0c4b95b608a11425d0676042dd652c544689f591,2088,16
0x0c4b95b608a11425d0676042dd652c544689f591,2896,16
0x0c4b95b608a11425d0676042dd652c544689f591,2897,16
0xc3802dc1432a8f731946c9ebd73f1281a7e23212,1438,16
0xc3802dc1432a8f731946c9ebd73f1281a7e23212,1439,16
0xc3802dc1432a8f731946c9ebd73f1281a7e23212,2886,16
0xc3802dc1432a8f731946c9ebd73f1281a7e23212,2887,16
0xb08b9f29edfd8feed9a6f1c23db3d7ffe9bc89f9,1684,16
0xb08b9f29edfd8feed9a6f1c23db3d7ffe9bc89f9,6524,16
0x55be9cb776a3d4722b9da3b833c247a82ce6d151,5915,16
0x55be9cb776a3d4722b9da3b833c247a82ce6d151,5916,16
0x8d9f9458ce322b762663d540772ba4e8417cbd87,4093,16
0x8d9f9458ce322b762663d540772ba4e8417cbd87,4203,16
0x15d19e3f3af0d4ac2e0891065c2724c8bf98bbb6,3160,16
0x15d19e3f3af0d4ac2e0891065c2724c8bf98bbb6,3161,16
0x1ffc86aa913f6ece70f2e31951c2216c2d72ea59,6353,16
0x02385273f31812b3da46479aa9a710324830b648,2844,16
0x02385273f31812b3da46479aa9a710324830b648,6411,16
0xde878df61426ba02aa1a47f16ba963dc03452159,1483,16
0xde878df61426ba02aa1a47f16ba963dc03452159,3537,16
0xde878df61426ba02aa1a47f16ba963dc03452159,3538,16
0xde878df61426ba02aa1a47f16ba963dc03452159,6371,16
0xe48534fd738abb9940c0630f39c667fab1d317af,1269,16
0x4c7e8ef1265a9556cdab173877edce0931ca6984,1953,16
0x4c7e8ef1265a9556cdab173877edce0931ca6984,1954,16
0xb3d2f509f8e45f2b04c63ffc8374a5be2cd77574,2047,16
0xbcfe268b5033f77c5ff99748a0d0ed4c439cf7f1,1167,16
0xbcfe268b5033f77c5ff99748a0d0ed4c439cf7f1,1656,16
0xbcfe268b5033f77c5ff99748a0d0ed4c439cf7f1,1719,16
0xbcfe268b5033f77c5ff99748a0d0ed4c439cf7f1,1822,16
0xbcfe268b5033f77c5ff99748a0d0ed4c439cf7f1,2358,16
0xbcfe268b5033f77c5ff99748a0d0ed4c439cf7f1,5021,16
0x486accc8f0578755ce157518ab24234ff65b1b50,2833,16
0x486accc8f0578755ce157518ab24234ff65b1b50,2834,16
0x54c8f68f1c5815a1d089a651a5f0830e6240ad90,4233,16
0x1584df90cb8ffda66d0d3b6b64ef7bfbdca191b8,1362,16
0x1584df90cb8ffda66d0d3b6b64ef7bfbdca191b8,3138,16
0xdfb3f203a768f91e204895245719cc73becb4507,2663,16
0xf533ada1fa39f71dcacbf08ff463de47c9c4fca6,2022,16
0xf533ada1fa39f71dcacbf08ff463de47c9c4fca6,2384,16
0x440c7efe7fdd489c39b12ad0fb8a8263c062ca72,2664,16
0x5c58f6dca0b56c53cfb151e803849bb7f2f3725c,2803,16
0x5c58f6dca0b56c53cfb151e803849bb7f2f3725c,2867,16
0x5c58f6dca0b56c53cfb151e803849bb7f2f3725c,3174,16
0x5c58f6dca0b56c53cfb151e803849bb7f2f3725c,3634,16
0xd98e0e55c31aec33dca7065ba2fbe7cbcdf94829,3055,16
0x2106df7c24125c1c8f7f1f6deaaede93fd9a2e74,6131,16
0xa46be6806b2437d46977b7b06bab71182a76b834,1464,16
0xa46be6806b2437d46977b7b06bab71182a76b834,1465,16
0xaa68f6a9959b9fc020ff7f1d02196e56d7a6f4cd,2322,16
0x37ff23267db26e232ec9e13d874eff9cbc07342a,2764,16
0x5597c8da6c72c6c70425cc15513bf208e099ef30,1750,16
0x0d215fca5ab19f14336d696d31cee6e6821ce5bc,3178,16
0x0d215fca5ab19f14336d696d31cee6e6821ce5bc,3179,16
0xeec6d9ce9bb491f8843431a86cf24718b5e6b560,4512,16
0xeec6d9ce9bb491f8843431a86cf24718b5e6b560,6699,16
0x541e2a5a2edb8649da6865b3822f7d104d5e0280,6448,16
0x15bd0f8b767c0a097ba72daa1ca25a6821f9268e,4500,16
0x319ea9a4fd2a189002765316cdef8360c1f98ea2,1992,16
0x928d76060576697e56221ba0d1b04015934e4fd9,5589,16
0x25c53e7da97cddb8f7943fba9f9ff569b84a261a,1991,16
0x25c53e7da97cddb8f7943fba9f9ff569b84a261a,7132,16
0x828702fc0c977f0b347c998c107df77618f85e87,1375,16
0x828702fc0c977f0b347c998c107df77618f85e87,1549,16
0x828702fc0c977f0b347c998c107df77618f85e87,2145,16
0x828702fc0c977f0b347c998c107df77618f85e87,2160,16
0x828702fc0c977f0b347c998c107df77618f85e87,2278,16
0x828702fc0c977f0b347c998c107df77618f85e87,2667,16
0x828702fc0c977f0b347c998c107df77618f85e87,3251,16
0x828702fc0c977f0b347c998c107df77618f85e87,3252,16
0x828702fc0c977f0b347c998c107df77618f85e87,3362,16
0x828702fc0c977f0b347c998c107df77618f85e87,4609,16
0x828702fc0c977f0b347c998c107df77618f85e87,5051,16
0x828702fc0c977f0b347c998c107df77618f85e87,6343,16
0x828702fc0c977f0b347c998c107df77618f85e87,6510,16
0x828702fc0c977f0b347c998c107df77618f85e87,6579,16
0x828702fc0c977f0b347c998c107df77618f85e87,6629,16
0x3abd97abf613c866e92aee891fa1d0e78f1d9d15,1213,16
0x3abd97abf613c866e92aee891fa1d0e78f1d9d15,1214,16
0x2e97778b97db81b62eb64103813e019f353537cd,3767,16
0x2e97778b97db81b62eb64103813e019f353537cd,3768,16
0xc59eb0e9c3ea9c9a2eb710a5e0a0b08fff24fa3f,5059,16
0xec59f968352afc57c2562a5ba64cd2dcddbdbcd6,6302,16
0xec59f968352afc57c2562a5ba64cd2dcddbdbcd6,6303,16
0xc786a65a6c458ff7b3c2f4c171a1a5c8853ba943,1817,16
0x8cb1f920e437791a97443cc81b62476120d30e40,2120,16
0x8cb1f920e437791a97443cc81b62476120d30e40,2121,16
0x4aa5319dc6f416cc30f9f3cba200ad5dab916559,5541,16
0x4aa5319dc6f416cc30f9f3cba200ad5dab916559,6016,16
0x4aa5319dc6f416cc30f9f3cba200ad5dab916559,6446,16
0x300736a2c7eacac5524930aff74779ecb2c775ed,3063,16
0x300736a2c7eacac5524930aff74779ecb2c775ed,3064,16
0x55da600810cee2dbb74c63cb1beec5f5c3d023e9,6401,16
0x55da600810cee2dbb74c63cb1beec5f5c3d023e9,6402,16
0xf3b1c99ff41836dbd20eaa1a5d502213a49ec997,4636,16
0xf3b1c99ff41836dbd20eaa1a5d502213a49ec997,4637,16
0x9b2f2f8c0544a33076d63ab9293397594a9bc138,6788,16
0xbb46a26d61145c9becf49f52501dea12c80cd8e8,5308,16
0xbb46a26d61145c9becf49f52501dea12c80cd8e8,5309,16
0x134f89fa9c8dcf62c1e1f4aeb0fe9c9d5e69920a,5271,16
0x134f89fa9c8dcf62c1e1f4aeb0fe9c9d5e69920a,5272,16
0x51c6f394372be78a6264f8fe784cde83c8a86530,5264,16
0x51c6f394372be78a6264f8fe784cde83c8a86530,5265,16
0x0c76c897e0ebf2062320c51fe68ecd39dfe4aae0,5258,16
0x0c76c897e0ebf2062320c51fe68ecd39dfe4aae0,5259,16
0xd2f0ecf976ba28259a42ff7b38c8279453e21f2b,5241,16
0xd2f0ecf976ba28259a42ff7b38c8279453e21f2b,5242,16
0x3f3a0fcb36bef2ce4860ef4d4ab2b8958a5e96e3,5239,16
0x3f3a0fcb36bef2ce4860ef4d4ab2b8958a5e96e3,5240,16
0x6f698c01fc0cdcd85905c2afd36feb60e0fa97bd,5223,16
0x6f698c01fc0cdcd85905c2afd36feb60e0fa97bd,5224,16
0xf9a0a378642a93e355473716ceb5b4151df8a09b,5191,16
0xf9a0a378642a93e355473716ceb5b4151df8a09b,5192,16
0x97b4b4ac02486ce8b5327b8d86b3688d49b9663d,5195,16
0x97b4b4ac02486ce8b5327b8d86b3688d49b9663d,5196,16
0x89ab095e65810d1cf3582c52159220cee5ba3bb2,4630,16
0x89ab095e65810d1cf3582c52159220cee5ba3bb2,4631,16
0x379d20d18dd21e72463f257804d586e6fcfdbf65,4779,16
0x379d20d18dd21e72463f257804d586e6fcfdbf65,4780,16
0xec1885e733c48350bd763aefbc7d2efc432bdc9c,4721,16
0xec1885e733c48350bd763aefbc7d2efc432bdc9c,4722,16
0x4c1ad1644bd23876031573fa3bae26cd35e4ee41,4547,16
0x4c1ad1644bd23876031573fa3bae26cd35e4ee41,4548,16
0x7d5bc36f06585f6333032b6894f7a82766dfab42,3915,16
0x7d5bc36f06585f6333032b6894f7a82766dfab42,3916,16
0x3a521e9591b6145f747bb1dd7798105f2fade3b9,4241,16
0x3a521e9591b6145f747bb1dd7798105f2fade3b9,4242,16
0x3a2e70c82b6fd09bd07f33f323bf29f596c6c558,3263,16
0x3a2e70c82b6fd09bd07f33f323bf29f596c6c558,3264,16
0xc4f6651679ecadb40bd0aa257f015ed366029a01,2939,16
0xc4f6651679ecadb40bd0aa257f015ed366029a01,2940,16
0xf99fed074278106fc330ce704ab5596a3d65ffc3,5409,16
0xf99fed074278106fc330ce704ab5596a3d65ffc3,5410,16
0xb2cba1e110ec3fe2f8a258cc67d606216c9f900e,5399,16
0xb2cba1e110ec3fe2f8a258cc67d606216c9f900e,5400,16
0xd1dfd0124330e14a10408982873585d255301d4a,5360,16
0xd1dfd0124330e14a10408982873585d255301d4a,5361,16
0x96fc7958f554c723b5b7535329bec55a91ebfda3,5366,16
0x96fc7958f554c723b5b7535329bec55a91ebfda3,5367,16
0xb8b39612be524fa1beef99e23ae38f952e291e06,1195,16
0xb8b39612be524fa1beef99e23ae38f952e291e06,1196,16
0x423902bfc4699e6c78b971c1aed54b39dfc675ac,5340,16
0x423902bfc4699e6c78b971c1aed54b39dfc675ac,5341,16
0x5e993c7f296d21ed2412960826f61c89a786e13f,5334,16
0x5e993c7f296d21ed2412960826f61c89a786e13f,5335,16
0xc23a60d800279d338e0a73be5f1a639ff2f492a0,5288,16
0xc23a60d800279d338e0a73be5f1a639ff2f492a0,5289,16
0xf91689a8581b9efd80a1b273ec730828f7ea0628,5318,16
0xf91689a8581b9efd80a1b273ec730828f7ea0628,5319,16
0x1e0b625f4b2258062df522dbb76a1bdfb87fc1fb,1174,16
0x720ccbe5cbc04f0c6331162a77690fbf4d13533a,5530,16
0x442221f1391f19f8d6f80af0af1c89a84c95174b,5493,16
0x442221f1391f19f8d6f80af0af1c89a84c95174b,5494,16
0xc564369c69c41f5b2ab9e29511413250de0e1656,5473,16
0xc564369c69c41f5b2ab9e29511413250de0e1656,5474,16
0x648909d5537d782761245be9b4fb3f10122d70ae,5481,16
0x648909d5537d782761245be9b4fb3f10122d70ae,5482,16
0xc337828780cc53b4c76041b3fddbf2f8f2a7cfd0,5467,16
0xc337828780cc53b4c76041b3fddbf2f8f2a7cfd0,5468,16
0xef5b0873722b25851cd7b1b5ad8b15a50847e72c,5450,16
0xef5b0873722b25851cd7b1b5ad8b15a50847e72c,5451,16
0xb5f51b8706d5d8b430701a452525ad847aa33114,5453,16
0xb5f51b8706d5d8b430701a452525ad847aa33114,5454,16
0x0153186f3e40da59021dd51ee04a077bd47295c7,5444,16
0x0153186f3e40da59021dd51ee04a077bd47295c7,5445,16
0x144174394c9ce81493788d3096a04c255c65b683,5417,16
0x144174394c9ce81493788d3096a04c255c65b683,5418,16
0x06d652917200b7a5516223e0dd3f38b8767e7299,5407,16
0x06d652917200b7a5516223e0dd3f38b8767e7299,5408,16
0x05d7c09a4d0cf7658b3507646f62e38b2dac8958,4927,16
0x05d7c09a4d0cf7658b3507646f62e38b2dac8958,4928,16
0x5c5c093f9116a2380f19f7af591a190362229cce,4863,16
0x5c5c093f9116a2380f19f7af591a190362229cce,4864,16
0xb8c39ba5309443ab4920b834790457a62c47fa35,4869,16
0xb8c39ba5309443ab4920b834790457a62c47fa35,4870,16
0x12cdac24d00b8da5719725a928dfa44060630dd4,4742,16
0x12cdac24d00b8da5719725a928dfa44060630dd4,4743,16
0x66e7fd9081c2eb343511f001980b6b3575494518,2390,16
0xfc9be502fea690ea415ec515df050019e8f37bbc,5230,16
0xc18530c2b27d2ea090db17e244a6128fbb921f73,1434,16
0xc18530c2b27d2ea090db17e244a6128fbb921f73,1435,16
0xc18530c2b27d2ea090db17e244a6128fbb921f73,1460,16
0xc18530c2b27d2ea090db17e244a6128fbb921f73,1461,16
0xc18530c2b27d2ea090db17e244a6128fbb921f73,1738,16
0xc18530c2b27d2ea090db17e244a6128fbb921f73,1739,16
0xc18530c2b27d2ea090db17e244a6128fbb921f73,1752,16
0xc18530c2b27d2ea090db17e244a6128fbb921f73,1753,16
0xc18530c2b27d2ea090db17e244a6128fbb921f73,1938,16
0xc18530c2b27d2ea090db17e244a6128fbb921f73,1939,16
0xc18530c2b27d2ea090db17e244a6128fbb921f73,1940,16
0xc18530c2b27d2ea090db17e244a6128fbb921f73,1977,16
0xc18530c2b27d2ea090db17e244a6128fbb921f73,1978,16
0xc18530c2b27d2ea090db17e244a6128fbb921f73,2124,16
0xc18530c2b27d2ea090db17e244a6128fbb921f73,2125,16
0xc18530c2b27d2ea090db17e244a6128fbb921f73,2126,16
0xc18530c2b27d2ea090db17e244a6128fbb921f73,2127,16
0xc18530c2b27d2ea090db17e244a6128fbb921f73,2208,16
0xc18530c2b27d2ea090db17e244a6128fbb921f73,2209,16
0xc18530c2b27d2ea090db17e244a6128fbb921f73,2697,16
0xc18530c2b27d2ea090db17e244a6128fbb921f73,2698,16
0xc18530c2b27d2ea090db17e244a6128fbb921f73,2831,16
0xc18530c2b27d2ea090db17e244a6128fbb921f73,2832,16
0xc18530c2b27d2ea090db17e244a6128fbb921f73,3025,16
0xc18530c2b27d2ea090db17e244a6128fbb921f73,3026,16
0x997f16d749ddfbbc536370cf109f2767a5b5624b,1199,16
0x59161ec8030bfa56daddd58942874ad1f8fbf58a,3698,16
0x307fc7400064a35555661fdf9552474cc3e1122f,1937,16
0xc75ad9f1b13c964d6bf9396cf78e6165f79cf947,6521,16
0x2c0d00da4cc0df7303baf92447a04d76171a9383,2822,16
0xf141242e6e753fac9112636ad289a945c3b1702e,6486,16
0xf141242e6e753fac9112636ad289a945c3b1702e,6487,16
0xeb462e6121ed505ed7d8f715540f336b7608b8d0,5575,16
0xeb462e6121ed505ed7d8f715540f336b7608b8d0,5576,16
0xbf1d24fdabb5b07f6faf61e0fa90ff6493e12dbd,1296,16
0xbf1d24fdabb5b07f6faf61e0fa90ff6493e12dbd,1718,16
0xbf1d24fdabb5b07f6faf61e0fa90ff6493e12dbd,5436,16
0xbf1d24fdabb5b07f6faf61e0fa90ff6493e12dbd,5956,16
0xabaea5240ed812970bfad108188cba66dbb34138,3445,16
0x0c5aedd37338589beee9bba46e6b3c30c8e9d0df,3446,16
0xb198e474ac47a5ab7be2c8889a59503981824126,4731,16
0xb198e474ac47a5ab7be2c8889a59503981824126,4732,16
0x356329b3704a8a787df9ac00f2834c362511c226,5254,16
0x356329b3704a8a787df9ac00f2834c362511c226,5255,16
0x3b9fa0a60689b2962af2d0fa9f4d57964631f07b,1185,16
0x3b9fa0a60689b2962af2d0fa9f4d57964631f07b,1186,16
0x3b9fa0a60689b2962af2d0fa9f4d57964631f07b,1678,16
0x3b9fa0a60689b2962af2d0fa9f4d57964631f07b,1681,16
0x3b9fa0a60689b2962af2d0fa9f4d57964631f07b,1967,16
0x3b9fa0a60689b2962af2d0fa9f4d57964631f07b,1979,16
0x3b9fa0a60689b2962af2d0fa9f4d57964631f07b,1989,16
0x3b9fa0a60689b2962af2d0fa9f4d57964631f07b,2122,16
0x3b9fa0a60689b2962af2d0fa9f4d57964631f07b,2152,16
0x3b9fa0a60689b2962af2d0fa9f4d57964631f07b,2304,16
0x3b9fa0a60689b2962af2d0fa9f4d57964631f07b,2305,16
0x3b9fa0a60689b2962af2d0fa9f4d57964631f07b,2429,16
0x3b9fa0a60689b2962af2d0fa9f4d57964631f07b,2543,16
0x3b9fa0a60689b2962af2d0fa9f4d57964631f07b,2857,16
0x3b9fa0a60689b2962af2d0fa9f4d57964631f07b,3003,16
0x3b9fa0a60689b2962af2d0fa9f4d57964631f07b,3004,16
0x3b9fa0a60689b2962af2d0fa9f4d57964631f07b,3017,16
0x3b9fa0a60689b2962af2d0fa9f4d57964631f07b,3018,16
0x3b9fa0a60689b2962af2d0fa9f4d57964631f07b,3029,16
0x3b9fa0a60689b2962af2d0fa9f4d57964631f07b,3076,16
0x3b9fa0a60689b2962af2d0fa9f4d57964631f07b,3122,16
0x3b9fa0a60689b2962af2d0fa9f4d57964631f07b,3148,16
0x3b9fa0a60689b2962af2d0fa9f4d57964631f07b,3273,16
0x3b9fa0a60689b2962af2d0fa9f4d57964631f07b,3274,16
0x3b9fa0a60689b2962af2d0fa9f4d57964631f07b,3298,16
0x3b9fa0a60689b2962af2d0fa9f4d57964631f07b,3299,16
0x3b9fa0a60689b2962af2d0fa9f4d57964631f07b,3432,16
0x3b9fa0a60689b2962af2d0fa9f4d57964631f07b,3536,16
0x3b9fa0a60689b2962af2d0fa9f4d57964631f07b,3633,16
0x3b9fa0a60689b2962af2d0fa9f4d57964631f07b,3710,16
0x3b9fa0a60689b2962af2d0fa9f4d57964631f07b,3783,16
0x3b9fa0a60689b2962af2d0fa9f4d57964631f07b,3993,16
0x3b9fa0a60689b2962af2d0fa9f4d57964631f07b,3996,16
0x3b9fa0a60689b2962af2d0fa9f4d57964631f07b,4115,16
0x3b9fa0a60689b2962af2d0fa9f4d57964631f07b,4116,16
0x3b9fa0a60689b2962af2d0fa9f4d57964631f07b,4215,16
0x3b9fa0a60689b2962af2d0fa9f4d57964631f07b,4216,16
0x3b9fa0a60689b2962af2d0fa9f4d57964631f07b,4219,16
0x3b9fa0a60689b2962af2d0fa9f4d57964631f07b,4220,16
0x3b9fa0a60689b2962af2d0fa9f4d57964631f07b,4230,16
0x3b9fa0a60689b2962af2d0fa9f4d57964631f07b,4447,16
0x3b9fa0a60689b2962af2d0fa9f4d57964631f07b,4476,16
0x3b9fa0a60689b2962af2d0fa9f4d57964631f07b,4477,16
0x3b9fa0a60689b2962af2d0fa9f4d57964631f07b,4488,16
0x3b9fa0a60689b2962af2d0fa9f4d57964631f07b,4489,16
0x3b9fa0a60689b2962af2d0fa9f4d57964631f07b,4513,16
0x3b9fa0a60689b2962af2d0fa9f4d57964631f07b,4565,16
0x3b9fa0a60689b2962af2d0fa9f4d57964631f07b,4566,16
0x3b9fa0a60689b2962af2d0fa9f4d57964631f07b,4610,16
0x3b9fa0a60689b2962af2d0fa9f4d57964631f07b,4627,16
0x3b9fa0a60689b2962af2d0fa9f4d57964631f07b,4649,16
0x3b9fa0a60689b2962af2d0fa9f4d57964631f07b,4668,16
0x3b9fa0a60689b2962af2d0fa9f4d57964631f07b,4669,16
0x3b9fa0a60689b2962af2d0fa9f4d57964631f07b,4683,16
0x3b9fa0a60689b2962af2d0fa9f4d57964631f07b,4767,16
0x3b9fa0a60689b2962af2d0fa9f4d57964631f07b,4783,16
0x3b9fa0a60689b2962af2d0fa9f4d57964631f07b,4784,16
0x3b9fa0a60689b2962af2d0fa9f4d57964631f07b,4821,16
0x3b9fa0a60689b2962af2d0fa9f4d57964631f07b,4822,16
0x3b9fa0a60689b2962af2d0fa9f4d57964631f07b,4860,16
0x3b9fa0a60689b2962af2d0fa9f4d57964631f07b,4886,16
0x3b9fa0a60689b2962af2d0fa9f4d57964631f07b,4888,16
0x3b9fa0a60689b2962af2d0fa9f4d57964631f07b,4906,16
0x3b9fa0a60689b2962af2d0fa9f4d57964631f07b,4907,16
0x3b9fa0a60689b2962af2d0fa9f4d57964631f07b,4908,16
0x3b9fa0a60689b2962af2d0fa9f4d57964631f07b,4935,16
0x3b9fa0a60689b2962af2d0fa9f4d57964631f07b,4936,16
0x3b9fa0a60689b2962af2d0fa9f4d57964631f07b,4941,16
0x3b9fa0a60689b2962af2d0fa9f4d57964631f07b,4942,16
0x3b9fa0a60689b2962af2d0fa9f4d57964631f07b,4977,16
0x3b9fa0a60689b2962af2d0fa9f4d57964631f07b,4978,16
0x3b9fa0a60689b2962af2d0fa9f4d57964631f07b,5034,16
0x3b9fa0a60689b2962af2d0fa9f4d57964631f07b,5035,16
0x3b9fa0a60689b2962af2d0fa9f4d57964631f07b,5040,16
0x3b9fa0a60689b2962af2d0fa9f4d57964631f07b,5041,16
0x3b9fa0a60689b2962af2d0fa9f4d57964631f07b,5090,16
0x3b9fa0a60689b2962af2d0fa9f4d57964631f07b,5099,16
0x3b9fa0a60689b2962af2d0fa9f4d57964631f07b,5100,16
0x3b9fa0a60689b2962af2d0fa9f4d57964631f07b,5103,16
0x3b9fa0a60689b2962af2d0fa9f4d57964631f07b,5104,16
0x3b9fa0a60689b2962af2d0fa9f4d57964631f07b,5109,16
0x3b9fa0a60689b2962af2d0fa9f4d57964631f07b,5110,16
0x3b9fa0a60689b2962af2d0fa9f4d57964631f07b,5138,16
0x3b9fa0a60689b2962af2d0fa9f4d57964631f07b,5145,16
0x3b9fa0a60689b2962af2d0fa9f4d57964631f07b,5149,16
0x3b9fa0a60689b2962af2d0fa9f4d57964631f07b,5150,16
0x3b9fa0a60689b2962af2d0fa9f4d57964631f07b,5151,16
0x3b9fa0a60689b2962af2d0fa9f4d57964631f07b,5153,16
0x3b9fa0a60689b2962af2d0fa9f4d57964631f07b,5154,16
0x3b9fa0a60689b2962af2d0fa9f4d57964631f07b,5175,16
0x3b9fa0a60689b2962af2d0fa9f4d57964631f07b,5176,16
0x3b9fa0a60689b2962af2d0fa9f4d57964631f07b,5290,16
0x3b9fa0a60689b2962af2d0fa9f4d57964631f07b,5291,16
0x3b9fa0a60689b2962af2d0fa9f4d57964631f07b,5354,16
0x3b9fa0a60689b2962af2d0fa9f4d57964631f07b,5355,16
0x3b9fa0a60689b2962af2d0fa9f4d57964631f07b,5364,16
0x3b9fa0a60689b2962af2d0fa9f4d57964631f07b,5365,16
0x3b9fa0a60689b2962af2d0fa9f4d57964631f07b,5405,16
0x3b9fa0a60689b2962af2d0fa9f4d57964631f07b,5406,16
0x3b9fa0a60689b2962af2d0fa9f4d57964631f07b,5413,16
0xf54ad07b2cc4cd3c31017128d2b2b9c78e168f93,2540,16
0x7c3174213795e43b5f5407c25193530647b8b7c8,1923,16
0x11c61bcd43d61b62719c7971b227fbb8cf6f3b71,1522,16
0x11c61bcd43d61b62719c7971b227fbb8cf6f3b71,1523,16
0xf853d8eb5923aaa56aeac5bb99107455b5ec0ab8,2535,16
0xf853d8eb5923aaa56aeac5bb99107455b5ec0ab8,2536,16
0x839ac2038c7b17808a7028cf02052c3a9b868a30,5203,16
0x839ac2038c7b17808a7028cf02052c3a9b868a30,5204,16
0x77451bdeddb52cf8c39a31a89340c90a63b428f5,2096,16
0x77451bdeddb52cf8c39a31a89340c90a63b428f5,4205,16
0x302991a4cbf8426d32bb2d352553181077538a2b,2752,16
0x01babcca0e930490e1bb6e5118e0fd7f13868b7e,4191,16
0x01babcca0e930490e1bb6e5118e0fd7f13868b7e,4192,16
0x07d7289a983f26ed4ceb84da5ee152fe1d979445,4496,16
0xc1991e9f5d719a1109a0480188c2be2e7de33377,2461,16
0x67e979444be34cfd3a772b29bfd923bc0740d264,1647,16
0x67e979444be34cfd3a772b29bfd923bc0740d264,1670,16
0xc8ba28507aa7f1825db28a7882402d616ad7f562,3061,16
0xc8ba28507aa7f1825db28a7882402d616ad7f562,3062,16
0x4fa758c72a4aa977825ddf5b9196a6f29364661a,2709,16
0xe224a464e5b021636474a89c5b4bcb46dbd1da25,2236,16
0xe224a464e5b021636474a89c5b4bcb46dbd1da25,6810,16
0x35dcdc0d15c98013284becc99260a0a4b7940a68,1726,16
0x35dcdc0d15c98013284becc99260a0a4b7940a68,1727,16
0xa9b1a760b56df3c18a93d596f7851d0d7144c866,2868,16
0xa9b1a760b56df3c18a93d596f7851d0d7144c866,4234,16
0xfbe5fb317fc38b49e70b7126026f9695ad94ea66,1024,16
0x7cbfc34a25ec7efe239f779e664875aad696ace8,4665,16
0x7dcc952778629c6b21d0a86759ab6fc5f3a0f345,6551,16
0x574c6ed03833e957dbd13257e27d29a00bb08c61,3212,16
0x574c6ed03833e957dbd13257e27d29a00bb08c61,3213,16
0x7a195e1d1d09e9a3bfb3e3be4e2d3b1462f7c6c8,5864,16
0x7a195e1d1d09e9a3bfb3e3be4e2d3b1462f7c6c8,5888,16
0xee202e0af55021448eb0c0fa4b33d927c2816832,2456,16
0xee202e0af55021448eb0c0fa4b33d927c2816832,2457,16
0x5a1c6b926209a865718d7be43055ab747fdafd57,5645,16
0x5a1c6b926209a865718d7be43055ab747fdafd57,5646,16
0x1c39ebf9ec583a4b141bee3cacb07e46ec5eb2f2,4950,16